Date,Open,High,Low,Close,Volume
2017-08-17 04:00:00.000000,301.13000000,301.13000000,301.13000000,301.13000000,0.42643000
2017-08-17 04:01:00.000000,301.13000000,301.13000000,301.13000000,301.13000000,2.75787000
2017-08-17 04:02:00.000000,300.00000000,300.00000000,300.00000000,300.00000000,0.09930000
2017-08-17 04:03:00.000000,300.00000000,300.00000000,300.00000000,300.00000000,0.31389000
2017-08-17 04:04:00.000000,301.13000000,301.13000000,301.13000000,301.13000000,0.23202000
2017-08-17 04:05:00.000000,300.00000000,301.13000000,300.00000000,301.13000000,0.75705000
2017-08-17 04:06:00.000000,300.10000000,300.10000000,300.10000000,300.10000000,0.90018000
2017-08-17 04:07:00.000000,300.10000000,300.10000000,300.10000000,300.10000000,0.00000000
2017-08-17 04:08:00.000000,300.10000000,300.10000000,298.00000000,298.00000000,0.31493000
2017-08-17 04:09:00.000000,298.00000000,298.00000000,298.00000000,298.00000000,0.00000000
2017-08-17 04:10:00.000000,298.00000000,298.00000000,298.00000000,298.00000000,0.00000000
2017-08-17 04:11:00.000000,298.00000000,298.00000000,298.00000000,298.00000000,0.00000000
2017-08-17 04:12:00.000000,298.00000000,298.00000000,298.00000000,298.00000000,0.00000000
2017-08-17 04:13:00.000000,298.00000000,298.00000000,298.00000000,298.00000000,0.00000000
2017-08-17 04:14:00.000000,298.00000000,298.00000000,298.00000000,298.00000000,0.00000000
2017-08-17 04:15:00.000000,298.00000000,298.00000000,298.00000000,298.00000000,9.59614000
2017-08-17 04:16:00.000000,298.00000000,298.00000000,298.00000000,298.00000000,0.00000000
2017-08-17 04:17:00.000000,298.00000000,298.00000000,298.00000000,298.00000000,0.00000000
2017-08-17 04:18:00.000000,298.00000000,298.00000000,298.00000000,298.00000000,2.91114000
2017-08-17 04:19:00.000000,299.05000000,299.05000000,299.05000000,299.05000000,0.37758000
2017-08-17 04:20:00.000000,299.05000000,299.05000000,299.05000000,299.05000000,0.17585000
2017-08-17 04:21:00.000000,299.05000000,300.10000000,299.05000000,300.10000000,6.40719000
2017-08-17 04:22:00.000000,300.10000000,300.10000000,300.10000000,300.10000000,0.00000000
2017-08-17 04:23:00.000000,300.10000000,300.10000000,300.10000000,300.10000000,0.00000000
2017-08-17 04:24:00.000000,300.10000000,300.10000000,300.10000000,300.10000000,0.00000000
2017-08-17 04:25:00.000000,299.40000000,299.40000000,299.40000000,299.40000000,0.54316000
2017-08-17 04:26:00.000000,299.40000000,300.80000000,299.40000000,300.80000000,4.77061000
2017-08-17 04:27:00.000000,299.39000000,299.39000000,299.39000000,299.39000000,0.08994000
2017-08-17 04:28:00.000000,299.39000000,299.39000000,299.39000000,299.39000000,0.05886000
2017-08-17 04:29:00.000000,299.39000000,299.39000000,299.39000000,299.39000000,6.51018000
2017-08-17 04:30:00.000000,299.39000000,299.39000000,299.39000000,299.39000000,0.48600000
2017-08-17 04:31:00.000000,299.39000000,299.39000000,299.39000000,299.39000000,0.00000000
2017-08-17 04:32:00.000000,299.39000000,299.39000000,299.39000000,299.39000000,17.93696000
2017-08-17 04:33:00.000000,299.39000000,299.39000000,299.39000000,299.39000000,1.95841000
2017-08-17 04:34:00.000000,299.39000000,299.39000000,299.39000000,299.39000000,0.40960000
2017-08-17 04:35:00.000000,299.39000000,299.39000000,299.39000000,299.39000000,24.55420000
2017-08-17 04:36:00.000000,300.79000000,300.79000000,300.79000000,300.79000000,0.86993000
2017-08-17 04:37:00.000000,299.60000000,299.60000000,299.60000000,299.60000000,0.90661000
2017-08-17 04:38:00.000000,299.60000000,299.60000000,299.60000000,299.60000000,0.00000000
2017-08-17 04:39:00.000000,299.60000000,299.60000000,299.60000000,299.60000000,1.26188000
2017-08-17 04:40:00.000000,299.60000000,299.60000000,299.60000000,299.60000000,0.70683000
2017-08-17 04:41:00.000000,299.60000000,299.60000000,299.60000000,299.60000000,2.53734000
2017-08-17 04:42:00.000000,299.60000000,299.60000000,299.60000000,299.60000000,0.55225000
2017-08-17 04:43:00.000000,299.60000000,299.60000000,299.60000000,299.60000000,0.00000000
2017-08-17 04:44:00.000000,299.60000000,299.60000000,299.60000000,299.60000000,0.75578000
2017-08-17 04:45:00.000000,299.60000000,299.60000000,299.60000000,299.60000000,0.75878000
2017-08-17 04:46:00.000000,300.80000000,300.80000000,300.80000000,300.80000000,0.23323000
2017-08-17 04:47:00.000000,300.79000000,300.79000000,300.79000000,300.79000000,2.27645000
2017-08-17 04:48:00.000000,300.79000000,300.79000000,300.79000000,300.79000000,0.82377000
2017-08-17 04:49:00.000000,300.79000000,300.79000000,300.79000000,300.79000000,1.14426000
2017-08-17 04:50:00.000000,300.79000000,300.80000000,300.79000000,300.80000000,1.45349000
2017-08-17 04:51:00.000000,300.80000000,300.80000000,300.80000000,300.80000000,0.00000000
2017-08-17 04:52:00.000000,300.80000000,301.13000000,300.80000000,300.80000000,6.78247000
2017-08-17 04:53:00.000000,301.13000000,301.13000000,301.13000000,301.13000000,0.39447000
2017-08-17 04:54:00.000000,301.13000000,301.13000000,301.13000000,301.13000000,7.31345000
2017-08-17 04:55:00.000000,301.13000000,301.51000000,301.13000000,301.51000000,3.04318000
2017-08-17 04:56:00.000000,302.57000000,302.57000000,302.57000000,302.57000000,3.55760000
2017-08-17 04:57:00.000000,302.57000000,302.57000000,302.57000000,302.57000000,0.00000000
2017-08-17 04:58:00.000000,301.61000000,301.61000000,301.61000000,301.61000000,7.70951000
2017-08-17 04:59:00.000000,301.61000000,301.61000000,301.61000000,301.61000000,0.00000000
2017-08-17 05:00:00.000000,301.61000000,301.61000000,301.61000000,301.61000000,1.05098000
2017-08-17 05:01:00.000000,301.61000000,301.61000000,301.61000000,301.61000000,0.84224000
2017-08-17 05:02:00.000000,301.61000000,301.61000000,301.61000000,301.61000000,0.07133000
2017-08-17 05:03:00.000000,301.61000000,301.61000000,301.61000000,301.61000000,4.08050000
2017-08-17 05:04:00.000000,300.95000000,301.61000000,300.95000000,301.61000000,50.76574000
2017-08-17 05:05:00.000000,301.61000000,301.61000000,301.61000000,301.61000000,3.31580000
2017-08-17 05:06:00.000000,301.61000000,302.57000000,301.61000000,302.57000000,1.98605000
2017-08-17 05:07:00.000000,302.57000000,302.57000000,302.57000000,302.57000000,0.20072000
2017-08-17 05:08:00.000000,302.57000000,302.57000000,302.57000000,302.57000000,1.15035000
2017-08-17 05:09:00.000000,302.57000000,302.57000000,302.57000000,302.57000000,1.02645000
2017-08-17 05:10:00.000000,302.57000000,302.57000000,302.57000000,302.57000000,1.73091000
2017-08-17 05:11:00.000000,302.57000000,302.57000000,302.57000000,302.57000000,0.69964000
2017-08-17 05:12:00.000000,302.57000000,302.57000000,302.57000000,302.57000000,6.17792000
2017-08-17 05:13:00.000000,302.01000000,302.01000000,302.01000000,302.01000000,8.59372000
2017-08-17 05:14:00.000000,302.01000000,302.01000000,302.01000000,302.01000000,0.00000000
2017-08-17 05:15:00.000000,302.01000000,302.01000000,302.01000000,302.01000000,1.15504000
2017-08-17 05:16:00.000000,302.01000000,302.01000000,302.01000000,302.01000000,4.55278000
2017-08-17 05:17:00.000000,302.05000000,302.05000000,302.05000000,302.05000000,2.44642000
2017-08-17 05:18:00.000000,302.05000000,302.05000000,302.05000000,302.05000000,2.72121000
2017-08-17 05:19:00.000000,302.05000000,302.05000000,302.05000000,302.05000000,0.10370000
2017-08-17 05:20:00.000000,302.05000000,302.05000000,302.05000000,302.05000000,0.53240000
2017-08-17 05:21:00.000000,302.05000000,302.05000000,302.05000000,302.05000000,5.93602000
2017-08-17 05:22:00.000000,302.05000000,302.05000000,302.05000000,302.05000000,6.36608000
2017-08-17 05:23:00.000000,302.05000000,302.21000000,302.05000000,302.21000000,21.04970000
2017-08-17 05:24:00.000000,303.28000000,303.28000000,303.28000000,303.28000000,6.77711000
2017-08-17 05:25:00.000000,302.21000000,302.21000000,302.21000000,302.21000000,7.08026000
2017-08-17 05:26:00.000000,301.25000000,302.21000000,301.25000000,302.21000000,79.42479000
2017-08-17 05:27:00.000000,302.21000000,302.21000000,302.21000000,302.21000000,0.69650000
2017-08-17 05:28:00.000000,300.30000000,302.21000000,300.00000000,302.21000000,11.12014000
2017-08-17 05:29:00.000000,302.21000000,302.21000000,302.21000000,302.21000000,0.15172000
2017-08-17 05:30:00.000000,302.21000000,302.21000000,302.11000000,302.11000000,0.50638000
2017-08-17 05:31:00.000000,302.11000000,302.11000000,302.11000000,302.11000000,0.36801000
2017-08-17 05:32:00.000000,302.11000000,302.11000000,302.11000000,302.11000000,0.42101000
2017-08-17 05:33:00.000000,302.11000000,302.11000000,302.11000000,302.11000000,4.71107000
2017-08-17 05:34:00.000000,302.11000000,302.11000000,302.11000000,302.11000000,0.14866000
2017-08-17 05:35:00.000000,302.11000000,302.11000000,302.11000000,302.11000000,5.44487000
2017-08-17 05:36:00.000000,302.11000000,302.11000000,302.11000000,302.11000000,1.63948000
2017-08-17 05:37:00.000000,302.20000000,302.20000000,302.20000000,302.20000000,1.05277000
2017-08-17 05:38:00.000000,302.20000000,302.20000000,302.20000000,302.20000000,1.59307000
2017-08-17 05:39:00.000000,302.20000000,302.20000000,302.20000000,302.20000000,0.02154000
2017-08-17 05:40:00.000000,302.20000000,302.20000000,302.20000000,302.20000000,27.40002000
2017-08-17 05:41:00.000000,303.28000000,303.28000000,303.28000000,303.28000000,0.65153000
2017-08-17 05:42:00.000000,303.28000000,303.28000000,303.28000000,303.28000000,0.13319000
2017-08-17 05:43:00.000000,303.28000000,303.28000000,303.28000000,303.28000000,2.27665000
2017-08-17 05:44:00.000000,302.08000000,303.28000000,302.08000000,303.28000000,50.32042000
2017-08-17 05:45:00.000000,303.28000000,303.28000000,303.28000000,303.28000000,0.69854000
2017-08-17 05:46:00.000000,303.28000000,303.28000000,303.28000000,303.28000000,1.07760000
2017-08-17 05:47:00.000000,303.28000000,303.28000000,303.28000000,303.28000000,0.06695000
2017-08-17 05:48:00.000000,303.28000000,303.28000000,303.10000000,303.10000000,21.69937000
2017-08-17 05:49:00.000000,303.10000000,303.10000000,303.10000000,303.10000000,0.00000000
2017-08-17 05:50:00.000000,303.10000000,303.10000000,303.10000000,303.10000000,0.72561000
2017-08-17 05:51:00.000000,303.10000000,303.10000000,303.10000000,303.10000000,0.33202000
2017-08-17 05:52:00.000000,303.10000000,303.10000000,303.10000000,303.10000000,7.38039000
2017-08-17 05:53:00.000000,303.10000000,303.10000000,303.10000000,303.10000000,4.66083000
2017-08-17 05:54:00.000000,303.10000000,303.10000000,303.10000000,303.10000000,2.35239000
2017-08-17 05:55:00.000000,303.10000000,303.10000000,303.10000000,303.10000000,1.23781000
2017-08-17 05:56:00.000000,303.10000000,303.10000000,303.10000000,303.10000000,2.24515000
2017-08-17 05:57:00.000000,303.10000000,303.10000000,303.10000000,303.10000000,0.21874000
2017-08-17 05:58:00.000000,303.10000000,303.10000000,303.10000000,303.10000000,0.69663000
2017-08-17 05:59:00.000000,303.10000000,303.10000000,303.10000000,303.10000000,5.78554000
2017-08-17 06:00:00.000000,302.40000000,302.40000000,302.40000000,302.40000000,1.94765000
2017-08-17 06:01:00.000000,302.40000000,302.40000000,302.40000000,302.40000000,8.15231000
2017-08-17 06:02:00.000000,302.40000000,302.41000000,302.40000000,302.41000000,0.97579000
2017-08-17 06:03:00.000000,302.41000000,302.41000000,302.41000000,302.41000000,2.33519000
2017-08-17 06:04:00.000000,302.41000000,302.41000000,302.41000000,302.41000000,1.98686000
2017-08-17 06:05:00.000000,302.41000000,302.41000000,302.41000000,302.41000000,0.53655000
2017-08-17 06:06:00.000000,302.41000000,302.41000000,302.41000000,302.41000000,0.22132000
2017-08-17 06:07:00.000000,302.41000000,302.41000000,302.41000000,302.41000000,1.19039000
2017-08-17 06:08:00.000000,302.41000000,302.61000000,302.41000000,302.41000000,4.04642000
2017-08-17 06:09:00.000000,302.41000000,302.41000000,302.41000000,302.41000000,4.22536000
2017-08-17 06:10:00.000000,302.61000000,302.61000000,302.61000000,302.61000000,0.45142000
2017-08-17 06:11:00.000000,302.61000000,302.61000000,302.61000000,302.61000000,1.84013000
2017-08-17 06:12:00.000000,302.61000000,302.61000000,302.61000000,302.61000000,0.98008000
2017-08-17 06:13:00.000000,302.61000000,302.61000000,302.61000000,302.61000000,7.03182000
2017-08-17 06:14:00.000000,302.61000000,302.61000000,302.61000000,302.61000000,4.49849000
2017-08-17 06:15:00.000000,302.02000000,302.21000000,302.02000000,302.21000000,53.79310000
2017-08-17 06:16:00.000000,302.21000000,302.21000000,302.21000000,302.21000000,0.56975000
2017-08-17 06:17:00.000000,302.21000000,302.21000000,302.21000000,302.21000000,5.33850000
2017-08-17 06:18:00.000000,303.71000000,303.71000000,303.71000000,303.71000000,0.31244000
2017-08-17 06:19:00.000000,303.71000000,303.71000000,303.71000000,303.71000000,10.08926000
2017-08-17 06:20:00.000000,303.71000000,303.71000000,303.71000000,303.71000000,0.84964000
2017-08-17 06:21:00.000000,303.71000000,303.71000000,303.11000000,303.11000000,1.79569000
2017-08-17 06:22:00.000000,303.11000000,303.11000000,303.11000000,303.11000000,0.00000000
2017-08-17 06:23:00.000000,303.11000000,303.11000000,303.11000000,303.11000000,0.18941000
2017-08-17 06:24:00.000000,303.11000000,303.11000000,303.11000000,303.11000000,0.67232000
2017-08-17 06:25:00.000000,303.11000000,303.11000000,303.11000000,303.11000000,0.79742000
2017-08-17 06:26:00.000000,303.11000000,303.11000000,303.11000000,303.11000000,0.00000000
2017-08-17 06:27:00.000000,303.11000000,303.11000000,303.11000000,303.11000000,0.26185000
2017-08-17 06:28:00.000000,303.11000000,303.11000000,303.11000000,303.11000000,0.29145000
2017-08-17 06:29:00.000000,303.11000000,303.11000000,303.11000000,303.11000000,1.88414000
2017-08-17 06:30:00.000000,303.11000000,303.11000000,303.11000000,303.11000000,8.27414000
2017-08-17 06:31:00.000000,303.11000000,303.11000000,303.11000000,303.11000000,0.16267000
2017-08-17 06:32:00.000000,303.11000000,303.11000000,303.11000000,303.11000000,0.67229000
2017-08-17 06:33:00.000000,303.11000000,303.11000000,303.11000000,303.11000000,0.00000000
2017-08-17 06:34:00.000000,303.11000000,303.11000000,303.11000000,303.11000000,11.84821000
2017-08-17 06:35:00.000000,303.11000000,303.11000000,303.11000000,303.11000000,7.44328000
2017-08-17 06:36:00.000000,303.11000000,303.11000000,303.11000000,303.11000000,3.80517000
2017-08-17 06:37:00.000000,304.44000000,304.44000000,304.44000000,304.44000000,4.11563000
2017-08-17 06:38:00.000000,304.44000000,304.44000000,304.44000000,304.44000000,14.88510000
2017-08-17 06:39:00.000000,302.75000000,303.61000000,302.75000000,303.61000000,63.61278000
2017-08-17 06:40:00.000000,303.60000000,303.61000000,303.60000000,303.61000000,9.04174000
2017-08-17 06:41:00.000000,303.60000000,303.60000000,303.60000000,303.60000000,15.82627000
2017-08-17 06:42:00.000000,303.61000000,303.61000000,303.61000000,303.61000000,1.06029000
2017-08-17 06:43:00.000000,303.61000000,303.61000000,303.61000000,303.61000000,7.51124000
2017-08-17 06:44:00.000000,303.61000000,303.61000000,303.61000000,303.61000000,0.60259000
2017-08-17 06:45:00.000000,303.61000000,303.61000000,303.61000000,303.61000000,0.30446000
2017-08-17 06:46:00.000000,303.61000000,303.61000000,303.61000000,303.61000000,2.03443000
2017-08-17 06:47:00.000000,303.61000000,303.61000000,303.61000000,303.61000000,0.00000000
2017-08-17 06:48:00.000000,303.61000000,303.61000000,303.61000000,303.61000000,0.82463000
2017-08-17 06:49:00.000000,303.61000000,303.61000000,303.61000000,303.61000000,0.38861000
2017-08-17 06:50:00.000000,303.61000000,303.61000000,303.61000000,303.61000000,0.32128000
2017-08-17 06:51:00.000000,303.61000000,303.61000000,303.61000000,303.61000000,0.84631000
2017-08-17 06:52:00.000000,303.61000000,303.61000000,302.68000000,302.68000000,1.56616000
2017-08-17 06:53:00.000000,302.68000000,302.68000000,302.68000000,302.68000000,0.00000000
2017-08-17 06:54:00.000000,302.68000000,302.68000000,301.90000000,302.68000000,16.01847000
2017-08-17 06:55:00.000000,302.68000000,302.68000000,302.68000000,302.68000000,3.53001000
2017-08-17 06:56:00.000000,302.68000000,302.68000000,302.68000000,302.68000000,0.00000000
2017-08-17 06:57:00.000000,302.68000000,302.68000000,302.68000000,302.68000000,1.48934000
2017-08-17 06:58:00.000000,302.68000000,302.68000000,302.68000000,302.68000000,0.07130000
2017-08-17 06:59:00.000000,302.68000000,302.68000000,302.68000000,302.68000000,10.34557000
2017-08-17 07:00:00.000000,302.68000000,302.68000000,302.68000000,302.68000000,0.48261000
2017-08-17 07:01:00.000000,302.68000000,302.68000000,302.68000000,302.68000000,0.17184000
2017-08-17 07:02:00.000000,302.68000000,302.68000000,302.60000000,302.60000000,17.58282000
2017-08-17 07:03:00.000000,302.68000000,302.68000000,302.68000000,302.68000000,0.15837000
2017-08-17 07:04:00.000000,303.61000000,303.61000000,303.61000000,303.61000000,0.69090000
2017-08-17 07:05:00.000000,303.61000000,303.61000000,303.61000000,303.61000000,0.48775000
2017-08-17 07:06:00.000000,303.00000000,303.61000000,303.00000000,303.61000000,15.56647000
2017-08-17 07:07:00.000000,303.61000000,303.61000000,303.61000000,303.61000000,2.45020000
2017-08-17 07:08:00.000000,303.61000000,303.61000000,303.61000000,303.61000000,9.12275000
2017-08-17 07:09:00.000000,303.61000000,303.61000000,303.61000000,303.61000000,0.00000000
2017-08-17 07:10:00.000000,303.61000000,303.61000000,303.61000000,303.61000000,2.95123000
2017-08-17 07:11:00.000000,302.75000000,303.61000000,302.75000000,303.61000000,59.77396000
2017-08-17 07:12:00.000000,303.61000000,303.61000000,303.61000000,303.61000000,6.22331000
2017-08-17 07:13:00.000000,303.61000000,303.61000000,303.61000000,303.61000000,5.07846000
2017-08-17 07:14:00.000000,303.61000000,303.61000000,303.61000000,303.61000000,3.39390000
2017-08-17 07:15:00.000000,303.61000000,303.61000000,303.61000000,303.61000000,2.07377000
2017-08-17 07:16:00.000000,303.61000000,303.61000000,303.61000000,303.61000000,4.15719000
2017-08-17 07:17:00.000000,303.61000000,303.61000000,303.61000000,303.61000000,30.21581000
2017-08-17 07:18:00.000000,303.61000000,303.71000000,303.61000000,303.71000000,17.32766000
2017-08-17 07:19:00.000000,303.71000000,304.97000000,303.71000000,304.97000000,21.80595000
2017-08-17 07:20:00.000000,304.61000000,304.61000000,304.61000000,304.61000000,23.58056000
2017-08-17 07:21:00.000000,304.61000000,304.61000000,304.61000000,304.61000000,0.00000000
2017-08-17 07:22:00.000000,304.61000000,304.61000000,304.61000000,304.61000000,4.95575000
2017-08-17 07:23:00.000000,304.61000000,304.61000000,304.61000000,304.61000000,5.34458000
2017-08-17 07:24:00.000000,303.80000000,304.61000000,303.80000000,304.61000000,92.68562000
2017-08-17 07:25:00.000000,304.61000000,304.61000000,304.61000000,304.61000000,3.90919000
2017-08-17 07:26:00.000000,304.61000000,304.61000000,304.61000000,304.61000000,32.71312000
2017-08-17 07:27:00.000000,304.61000000,304.61000000,304.61000000,304.61000000,10.80628000
2017-08-17 07:28:00.000000,304.61000000,304.61000000,304.61000000,304.61000000,8.65124000
2017-08-17 07:29:00.000000,303.80000000,304.61000000,303.80000000,304.61000000,54.88612000
2017-08-17 07:30:00.000000,304.61000000,304.61000000,304.61000000,304.61000000,11.95186000
2017-08-17 07:31:00.000000,304.61000000,304.61000000,304.61000000,304.61000000,49.36699000
2017-08-17 07:32:00.000000,304.61000000,304.61000000,304.61000000,304.61000000,0.00000000
2017-08-17 07:33:00.000000,304.61000000,304.61000000,304.61000000,304.61000000,0.00000000
2017-08-17 07:34:00.000000,304.61000000,304.61000000,304.61000000,304.61000000,7.20129000
2017-08-17 07:35:00.000000,304.61000000,304.61000000,304.61000000,304.61000000,0.01444000
2017-08-17 07:36:00.000000,304.61000000,304.61000000,304.61000000,304.61000000,7.78752000
2017-08-17 07:37:00.000000,304.61000000,304.61000000,304.61000000,304.61000000,0.31215000
2017-08-17 07:38:00.000000,304.61000000,304.61000000,304.61000000,304.61000000,9.98174000
2017-08-17 07:39:00.000000,304.61000000,304.61000000,304.61000000,304.61000000,1.89411000
2017-08-17 07:40:00.000000,304.61000000,304.61000000,304.61000000,304.61000000,4.38976000
2017-08-17 07:41:00.000000,304.61000000,304.61000000,304.61000000,304.61000000,14.75726000
2017-08-17 07:42:00.000000,304.61000000,304.61000000,304.61000000,304.61000000,7.89193000
2017-08-17 07:43:00.000000,304.61000000,304.61000000,304.61000000,304.61000000,5.66706000
2017-08-17 07:44:00.000000,304.61000000,304.61000000,304.61000000,304.61000000,1.47414000
2017-08-17 07:45:00.000000,304.61000000,304.61000000,304.61000000,304.61000000,1.95715000
2017-08-17 07:46:00.000000,304.61000000,304.61000000,304.61000000,304.61000000,8.65797000
2017-08-17 07:47:00.000000,305.11000000,305.11000000,305.11000000,305.11000000,8.26418000
2017-08-17 07:48:00.000000,304.53000000,304.53000000,304.53000000,304.53000000,49.73239000
2017-08-17 07:49:00.000000,305.11000000,305.11000000,305.11000000,305.11000000,3.06321000
2017-08-17 07:50:00.000000,305.11000000,305.11000000,305.11000000,305.11000000,4.25357000
2017-08-17 07:51:00.000000,305.11000000,306.13000000,305.11000000,306.13000000,20.55851000
2017-08-17 07:52:00.000000,306.13000000,306.13000000,305.62000000,305.62000000,9.40104000
2017-08-17 07:53:00.000000,305.62000000,305.62000000,305.62000000,305.62000000,28.22262000
2017-08-17 07:54:00.000000,305.62000000,305.62000000,305.62000000,305.62000000,6.00198000
2017-08-17 07:55:00.000000,305.62000000,305.62000000,305.62000000,305.62000000,20.24586000
2017-08-17 07:56:00.000000,305.62000000,305.62000000,305.62000000,305.62000000,3.41905000
2017-08-17 07:57:00.000000,307.09000000,307.09000000,304.95000000,304.95000000,21.21736000
2017-08-17 07:58:00.000000,307.96000000,307.96000000,307.96000000,307.96000000,6.73912000
2017-08-17 07:59:00.000000,307.96000000,307.96000000,307.96000000,307.96000000,3.07343000
2017-08-17 08:00:00.000000,307.95000000,307.95000000,307.39000000,307.95000000,8.21032000
2017-08-17 08:01:00.000000,307.95000000,307.95000000,307.95000000,307.95000000,0.00000000
2017-08-17 08:02:00.000000,307.95000000,307.95000000,307.95000000,307.95000000,0.23030000
2017-08-17 08:03:00.000000,307.95000000,308.65000000,307.95000000,308.65000000,0.94337000
2017-08-17 08:04:00.000000,307.95000000,307.95000000,307.95000000,307.95000000,2.65719000
2017-08-17 08:05:00.000000,307.95000000,307.95000000,307.95000000,307.95000000,0.00000000
2017-08-17 08:06:00.000000,308.65000000,308.65000000,308.65000000,308.65000000,0.77143000
2017-08-17 08:07:00.000000,308.65000000,308.65000000,308.65000000,308.65000000,0.76534000
2017-08-17 08:08:00.000000,308.65000000,308.65000000,308.65000000,308.65000000,4.63109000
2017-08-17 08:09:00.000000,308.65000000,308.65000000,308.65000000,308.65000000,1.14015000
2017-08-17 08:10:00.000000,308.65000000,308.95000000,308.65000000,308.95000000,2.93773000
2017-08-17 08:11:00.000000,308.95000000,308.95000000,308.95000000,308.95000000,1.03055000
2017-08-17 08:12:00.000000,308.95000000,308.95000000,308.95000000,308.95000000,0.53297000
2017-08-17 08:13:00.000000,308.95000000,309.48000000,308.95000000,309.48000000,2.67079000
2017-08-17 08:14:00.000000,308.43000000,308.43000000,308.43000000,308.43000000,49.14792000
2017-08-17 08:15:00.000000,309.48000000,309.48000000,309.48000000,309.48000000,0.53077000
2017-08-17 08:16:00.000000,309.48000000,309.48000000,309.48000000,309.48000000,0.43680000
2017-08-17 08:17:00.000000,309.48000000,309.48000000,309.48000000,309.48000000,0.44378000
2017-08-17 08:18:00.000000,309.48000000,309.48000000,309.48000000,309.48000000,0.00000000
2017-08-17 08:19:00.000000,309.48000000,309.48000000,307.39000000,307.39000000,0.74579000
2017-08-17 08:20:00.000000,307.39000000,309.48000000,307.39000000,309.48000000,0.94466000
2017-08-17 08:21:00.000000,309.48000000,309.48000000,309.48000000,309.48000000,1.21509000
2017-08-17 08:22:00.000000,309.48000000,309.48000000,309.48000000,309.48000000,0.09906000
2017-08-17 08:23:00.000000,309.48000000,309.48000000,309.48000000,309.48000000,6.26996000
2017-08-17 08:24:00.000000,309.48000000,309.48000000,309.48000000,309.48000000,0.47994000
2017-08-17 08:25:00.000000,309.48000000,309.48000000,309.48000000,309.48000000,1.16784000
2017-08-17 08:26:00.000000,307.39000000,309.77000000,307.00000000,309.77000000,0.77972000
2017-08-17 08:27:00.000000,309.77000000,309.77000000,309.77000000,309.77000000,6.41662000
2017-08-17 08:28:00.000000,309.77000000,309.77000000,309.77000000,309.77000000,0.00000000
2017-08-17 08:29:00.000000,309.77000000,309.77000000,309.77000000,309.77000000,0.36751000
2017-08-17 08:30:00.000000,309.77000000,309.77000000,309.77000000,309.77000000,0.00000000
2017-08-17 08:31:00.000000,309.77000000,309.77000000,309.77000000,309.77000000,0.90664000
2017-08-17 08:32:00.000000,309.77000000,309.77000000,309.77000000,309.77000000,1.39490000
2017-08-17 08:33:00.000000,309.77000000,309.97000000,309.77000000,309.97000000,7.41069000
2017-08-17 08:34:00.000000,309.97000000,309.97000000,309.97000000,309.97000000,0.47703000
2017-08-17 08:35:00.000000,309.97000000,309.97000000,309.97000000,309.97000000,0.58905000
2017-08-17 08:36:00.000000,308.82000000,308.82000000,308.82000000,308.82000000,1.00445000
2017-08-17 08:37:00.000000,308.82000000,308.82000000,308.82000000,308.82000000,11.65284000
2017-08-17 08:38:00.000000,308.82000000,308.82000000,308.82000000,308.82000000,7.38289000
2017-08-17 08:39:00.000000,308.82000000,308.82000000,308.82000000,308.82000000,6.66768000
2017-08-17 08:40:00.000000,308.82000000,308.82000000,308.82000000,308.82000000,0.22153000
2017-08-17 08:41:00.000000,308.82000000,308.82000000,308.82000000,308.82000000,0.40446000
2017-08-17 08:42:00.000000,308.82000000,308.82000000,308.82000000,308.82000000,0.54261000
2017-08-17 08:43:00.000000,308.82000000,308.82000000,308.82000000,308.82000000,0.27160000
2017-08-17 08:44:00.000000,309.97000000,309.97000000,309.97000000,309.97000000,0.29880000
2017-08-17 08:45:00.000000,309.97000000,309.97000000,309.87000000,309.87000000,1.72136000
2017-08-17 08:46:00.000000,309.87000000,309.87000000,309.87000000,309.87000000,0.26874000
2017-08-17 08:47:00.000000,309.87000000,309.87000000,309.87000000,309.87000000,0.85364000
2017-08-17 08:48:00.000000,309.87000000,309.87000000,307.86000000,307.86000000,0.59868000
2017-08-17 08:49:00.000000,309.87000000,309.87000000,309.87000000,309.87000000,0.49419000
2017-08-17 08:50:00.000000,309.87000000,309.87000000,309.87000000,309.87000000,0.44201000
2017-08-17 08:51:00.000000,309.62000000,309.62000000,309.62000000,309.62000000,4.27195000
2017-08-17 08:52:00.000000,309.62000000,309.62000000,309.62000000,309.62000000,0.11692000
2017-08-17 08:53:00.000000,309.62000000,309.62000000,309.62000000,309.62000000,2.51949000
2017-08-17 08:54:00.000000,309.62000000,309.62000000,309.62000000,309.62000000,0.29477000
2017-08-17 08:55:00.000000,309.62000000,309.62000000,309.62000000,309.62000000,0.31215000
2017-08-17 08:56:00.000000,309.62000000,309.62000000,309.62000000,309.62000000,0.21735000
2017-08-17 08:57:00.000000,309.62000000,309.62000000,309.62000000,309.62000000,0.00655000
2017-08-17 08:58:00.000000,308.62000000,308.62000000,308.62000000,308.62000000,0.15035000
2017-08-17 08:59:00.000000,308.62000000,308.62000000,308.62000000,308.62000000,3.69028000
2017-08-17 09:00:00.000000,308.62000000,308.62000000,308.62000000,308.62000000,9.60445000
2017-08-17 09:01:00.000000,308.62000000,308.62000000,308.62000000,308.62000000,3.46149000
2017-08-17 09:02:00.000000,308.62000000,308.62000000,308.62000000,308.62000000,1.12927000
2017-08-17 09:03:00.000000,308.62000000,308.62000000,308.62000000,308.62000000,4.99502000
2017-08-17 09:04:00.000000,308.62000000,308.62000000,308.62000000,308.62000000,4.36474000
2017-08-17 09:05:00.000000,308.62000000,309.62000000,308.62000000,309.62000000,1.62171000
2017-08-17 09:06:00.000000,309.62000000,309.62000000,309.62000000,309.62000000,0.00000000
2017-08-17 09:07:00.000000,309.62000000,309.62000000,309.62000000,309.62000000,6.52497000
2017-08-17 09:08:00.000000,308.74000000,308.74000000,308.74000000,308.74000000,50.53503000
2017-08-17 09:09:00.000000,309.62000000,309.62000000,309.62000000,309.62000000,4.03975000
2017-08-17 09:10:00.000000,309.62000000,309.62000000,309.62000000,309.62000000,0.24980000
2017-08-17 09:11:00.000000,309.62000000,309.62000000,309.62000000,309.62000000,1.34554000
2017-08-17 09:12:00.000000,308.67000000,308.67000000,308.67000000,308.67000000,0.58334000
2017-08-17 09:13:00.000000,308.67000000,308.67000000,308.67000000,308.67000000,4.61971000
2017-08-17 09:14:00.000000,309.62000000,310.94000000,309.62000000,310.94000000,15.67839000
2017-08-17 09:15:00.000000,310.94000000,310.94000000,310.94000000,310.94000000,1.25278000
2017-08-17 09:16:00.000000,310.94000000,310.94000000,310.94000000,310.94000000,0.00000000
2017-08-17 09:17:00.000000,310.94000000,310.94000000,310.94000000,310.94000000,0.61039000
2017-08-17 09:18:00.000000,310.94000000,310.94000000,310.94000000,310.94000000,0.00000000
2017-08-17 09:19:00.000000,309.62000000,309.62000000,309.62000000,309.62000000,23.00563000
2017-08-17 09:20:00.000000,309.62000000,310.94000000,309.62000000,310.94000000,9.21134000
2017-08-17 09:21:00.000000,310.52000000,310.52000000,310.52000000,310.52000000,1.32735000
2017-08-17 09:22:00.000000,310.52000000,310.52000000,310.52000000,310.52000000,0.00000000
2017-08-17 09:23:00.000000,310.52000000,310.52000000,310.52000000,310.52000000,2.61360000
2017-08-17 09:24:00.000000,310.52000000,310.52000000,310.52000000,310.52000000,0.34165000
2017-08-17 09:25:00.000000,310.52000000,310.52000000,310.52000000,310.52000000,0.50332000
2017-08-17 09:26:00.000000,310.52000000,310.52000000,310.52000000,310.52000000,0.91145000
2017-08-17 09:27:00.000000,310.52000000,310.52000000,310.52000000,310.52000000,0.00000000
2017-08-17 09:28:00.000000,310.52000000,310.52000000,310.52000000,310.52000000,12.24070000
2017-08-17 09:29:00.000000,310.52000000,311.46000000,310.50000000,311.46000000,11.45510000
2017-08-17 09:30:00.000000,309.89000000,310.50000000,309.89000000,310.50000000,58.16935000
2017-08-17 09:31:00.000000,310.50000000,310.50000000,310.50000000,310.50000000,2.55219000
2017-08-17 09:32:00.000000,310.50000000,310.50000000,310.50000000,310.50000000,40.66602000
2017-08-17 09:33:00.000000,310.50000000,310.50000000,310.50000000,310.50000000,64.98468000
2017-08-17 09:34:00.000000,310.50000000,310.50000000,310.50000000,310.50000000,0.00000000
2017-08-17 09:35:00.000000,310.50000000,310.50000000,310.50000000,310.50000000,2.17956000
2017-08-17 09:36:00.000000,310.50000000,311.46000000,310.50000000,311.46000000,12.61330000
2017-08-17 09:37:00.000000,311.46000000,311.46000000,311.46000000,311.46000000,1.00209000
2017-08-17 09:38:00.000000,311.46000000,311.46000000,311.46000000,311.46000000,3.21621000
2017-08-17 09:39:00.000000,311.46000000,311.46000000,311.46000000,311.46000000,3.03692000
2017-08-17 09:40:00.000000,312.00000000,312.00000000,312.00000000,312.00000000,10.06730000
2017-08-17 09:41:00.000000,312.00000000,312.00000000,310.37000000,310.37000000,2.72148000
2017-08-17 09:42:00.000000,312.00000000,312.00000000,312.00000000,312.00000000,2.81810000
2017-08-17 09:43:00.000000,311.14000000,312.00000000,311.14000000,311.14000000,9.91106000
2017-08-17 09:44:00.000000,311.14000000,311.14000000,311.14000000,311.14000000,0.37041000
2017-08-17 09:45:00.000000,311.13000000,311.13000000,311.13000000,311.13000000,0.69777000
2017-08-17 09:46:00.000000,311.13000000,311.13000000,311.13000000,311.13000000,1.27425000
2017-08-17 09:47:00.000000,311.13000000,311.13000000,311.13000000,311.13000000,0.00000000
2017-08-17 09:48:00.000000,311.13000000,311.13000000,311.13000000,311.13000000,0.26289000
2017-08-17 09:49:00.000000,311.13000000,311.13000000,311.13000000,311.13000000,0.00000000
2017-08-17 09:50:00.000000,311.13000000,311.13000000,311.13000000,311.13000000,0.69841000
2017-08-17 09:51:00.000000,311.13000000,311.13000000,311.13000000,311.13000000,3.29855000
2017-08-17 09:52:00.000000,310.69000000,310.69000000,310.69000000,310.69000000,1.97701000
2017-08-17 09:53:00.000000,310.69000000,310.69000000,309.29000000,309.29000000,7.98012000
2017-08-17 09:54:00.000000,310.62000000,310.62000000,310.62000000,310.62000000,5.71281000
2017-08-17 09:55:00.000000,309.95000000,309.95000000,309.95000000,309.95000000,50.69409000
2017-08-17 09:56:00.000000,310.62000000,310.62000000,310.62000000,310.62000000,0.28485000
2017-08-17 09:57:00.000000,310.62000000,310.62000000,310.62000000,310.62000000,0.43340000
2017-08-17 09:58:00.000000,310.62000000,310.62000000,310.62000000,310.62000000,2.18718000
2017-08-17 09:59:00.000000,310.00000000,310.00000000,310.00000000,310.00000000,7.24227000
2017-08-17 10:00:00.000000,310.00000000,310.00000000,310.00000000,310.00000000,0.00000000
2017-08-17 10:01:00.000000,310.00000000,310.00000000,310.00000000,310.00000000,1.64057000
2017-08-17 10:02:00.000000,310.00000000,310.00000000,310.00000000,310.00000000,2.80667000
2017-08-17 10:03:00.000000,310.00000000,310.00000000,310.00000000,310.00000000,0.71512000
2017-08-17 10:04:00.000000,310.00000000,310.00000000,310.00000000,310.00000000,0.43679000
2017-08-17 10:05:00.000000,310.00000000,310.00000000,310.00000000,310.00000000,0.57286000
2017-08-17 10:06:00.000000,310.00000000,310.00000000,310.00000000,310.00000000,12.92289000
2017-08-17 10:07:00.000000,309.29000000,310.00000000,309.29000000,310.00000000,6.72681000
2017-08-17 10:08:00.000000,310.00000000,310.00000000,310.00000000,310.00000000,0.78299000
2017-08-17 10:09:00.000000,310.00000000,310.00000000,310.00000000,310.00000000,1.53783000
2017-08-17 10:10:00.000000,310.00000000,310.00000000,310.00000000,310.00000000,0.78575000
2017-08-17 10:11:00.000000,310.00000000,310.00000000,310.00000000,310.00000000,0.51093000
2017-08-17 10:12:00.000000,310.00000000,310.00000000,310.00000000,310.00000000,4.24487000
2017-08-17 10:13:00.000000,310.00000000,310.00000000,310.00000000,310.00000000,6.54006000
2017-08-17 10:14:00.000000,310.62000000,310.62000000,310.62000000,310.62000000,0.19757000
2017-08-17 10:15:00.000000,310.62000000,310.62000000,310.62000000,310.62000000,2.51941000
2017-08-17 10:16:00.000000,310.62000000,310.62000000,310.62000000,310.62000000,0.00000000
2017-08-17 10:17:00.000000,310.62000000,310.62000000,310.62000000,310.62000000,1.62240000
2017-08-17 10:18:00.000000,310.62000000,310.62000000,310.62000000,310.62000000,1.19682000
2017-08-17 10:19:00.000000,310.62000000,310.62000000,310.62000000,310.62000000,0.08421000
2017-08-17 10:20:00.000000,310.62000000,310.62000000,310.62000000,310.62000000,0.31435000
2017-08-17 10:21:00.000000,310.62000000,310.62000000,310.47000000,310.47000000,6.45238000
2017-08-17 10:22:00.000000,310.47000000,310.47000000,310.47000000,310.47000000,0.00000000
2017-08-17 10:23:00.000000,310.47000000,310.47000000,310.47000000,310.47000000,2.10121000
2017-08-17 10:24:00.000000,310.47000000,310.47000000,310.47000000,310.47000000,3.67276000
2017-08-17 10:25:00.000000,308.54000000,309.22000000,308.54000000,309.22000000,50.13748000
2017-08-17 10:26:00.000000,309.22000000,309.22000000,309.22000000,309.22000000,0.00000000
2017-08-17 10:27:00.000000,309.22000000,309.22000000,309.22000000,309.22000000,4.03987000
2017-08-17 10:28:00.000000,309.22000000,309.22000000,309.22000000,309.22000000,0.00000000
2017-08-17 10:29:00.000000,309.22000000,309.22000000,309.22000000,309.22000000,1.16423000
2017-08-17 10:30:00.000000,309.22000000,309.22000000,309.22000000,309.22000000,1.55576000
2017-08-17 10:31:00.000000,309.22000000,309.22000000,309.22000000,309.22000000,0.00000000
2017-08-17 10:32:00.000000,309.22000000,309.22000000,309.22000000,309.22000000,0.46759000
2017-08-17 10:33:00.000000,309.22000000,309.22000000,309.22000000,309.22000000,1.56322000
2017-08-17 10:34:00.000000,309.22000000,309.22000000,309.22000000,309.22000000,4.11249000
2017-08-17 10:35:00.000000,309.22000000,309.22000000,309.22000000,309.22000000,7.02910000
2017-08-17 10:36:00.000000,309.22000000,309.22000000,309.22000000,309.22000000,6.10388000
2017-08-17 10:37:00.000000,310.47000000,310.47000000,310.47000000,310.47000000,7.99781000
2017-08-17 10:38:00.000000,310.47000000,310.65000000,310.47000000,310.65000000,3.03341000
2017-08-17 10:39:00.000000,310.65000000,310.65000000,310.65000000,310.65000000,0.00000000
2017-08-17 10:40:00.000000,310.65000000,310.65000000,310.65000000,310.65000000,13.72008000
2017-08-17 10:41:00.000000,310.65000000,310.65000000,310.65000000,310.65000000,2.83376000
2017-08-17 10:42:00.000000,310.65000000,310.65000000,310.65000000,310.65000000,0.43184000
2017-08-17 10:43:00.000000,310.42000000,310.42000000,310.42000000,310.42000000,1.12702000
2017-08-17 10:44:00.000000,310.42000000,310.42000000,310.42000000,310.42000000,0.62014000
2017-08-17 10:45:00.000000,310.42000000,310.42000000,310.42000000,310.42000000,1.66531000
2017-08-17 10:46:00.000000,310.42000000,310.42000000,310.42000000,310.42000000,13.13078000
2017-08-17 10:47:00.000000,310.42000000,310.42000000,310.42000000,310.42000000,2.87265000
2017-08-17 10:48:00.000000,310.42000000,310.97000000,310.42000000,310.97000000,11.27444000
2017-08-17 10:49:00.000000,310.97000000,310.97000000,310.97000000,310.97000000,4.78568000
2017-08-17 10:50:00.000000,310.97000000,310.97000000,310.40000000,310.40000000,4.16294000
2017-08-17 10:51:00.000000,309.67000000,310.40000000,309.67000000,310.40000000,53.66779000
2017-08-17 10:52:00.000000,310.40000000,310.40000000,310.40000000,310.40000000,1.50124000
2017-08-17 10:53:00.000000,310.40000000,310.40000000,310.40000000,310.40000000,0.00000000
2017-08-17 10:54:00.000000,309.30000000,309.30000000,309.30000000,309.30000000,13.34288000
2017-08-17 10:55:00.000000,309.30000000,309.30000000,309.30000000,309.30000000,0.33896000
2017-08-17 10:56:00.000000,309.30000000,309.30000000,309.30000000,309.30000000,0.45360000
2017-08-17 10:57:00.000000,309.30000000,309.30000000,309.30000000,309.30000000,7.05977000
2017-08-17 10:58:00.000000,309.30000000,309.30000000,309.30000000,309.30000000,3.57856000
2017-08-17 10:59:00.000000,309.30000000,309.30000000,309.30000000,309.30000000,2.23387000
2017-08-17 11:00:00.000000,308.30000000,308.30000000,308.30000000,308.30000000,5.71987000
2017-08-17 11:01:00.000000,308.30000000,308.30000000,308.30000000,308.30000000,5.66120000
2017-08-17 11:02:00.000000,308.30000000,308.30000000,308.30000000,308.30000000,4.77660000
2017-08-17 11:03:00.000000,308.30000000,308.30000000,308.30000000,308.30000000,1.45437000
2017-08-17 11:04:00.000000,307.84000000,308.30000000,307.84000000,308.30000000,60.66086000
2017-08-17 11:05:00.000000,308.30000000,308.30000000,307.78000000,307.78000000,0.54141000
2017-08-17 11:06:00.000000,307.78000000,307.78000000,307.78000000,307.78000000,1.07515000
2017-08-17 11:07:00.000000,307.78000000,307.78000000,307.78000000,307.78000000,9.78209000
2017-08-17 11:08:00.000000,307.78000000,307.78000000,307.78000000,307.78000000,0.17920000
2017-08-17 11:09:00.000000,307.78000000,307.78000000,307.78000000,307.78000000,5.87589000
2017-08-17 11:10:00.000000,307.78000000,307.78000000,307.78000000,307.78000000,0.59968000
2017-08-17 11:11:00.000000,308.12000000,308.12000000,308.12000000,308.12000000,2.89311000
2017-08-17 11:12:00.000000,308.12000000,308.12000000,308.12000000,308.12000000,6.56176000
2017-08-17 11:13:00.000000,308.12000000,308.39000000,308.12000000,308.39000000,4.12040000
2017-08-17 11:14:00.000000,308.39000000,308.39000000,308.39000000,308.39000000,0.01076000
2017-08-17 11:15:00.000000,309.30000000,309.30000000,309.30000000,309.30000000,0.70381000
2017-08-17 11:16:00.000000,309.30000000,309.30000000,309.30000000,309.30000000,0.28390000
2017-08-17 11:17:00.000000,309.30000000,309.30000000,309.30000000,309.30000000,0.80257000
2017-08-17 11:18:00.000000,309.30000000,309.30000000,309.30000000,309.30000000,0.45521000
2017-08-17 11:19:00.000000,309.30000000,309.30000000,309.30000000,309.30000000,0.61318000
2017-08-17 11:20:00.000000,308.92000000,309.30000000,308.92000000,309.30000000,9.32324000
2017-08-17 11:21:00.000000,308.92000000,308.92000000,308.92000000,308.92000000,1.89649000
2017-08-17 11:22:00.000000,308.92000000,308.92000000,308.92000000,308.92000000,1.63511000
2017-08-17 11:23:00.000000,308.92000000,308.92000000,308.92000000,308.92000000,0.00000000
2017-08-17 11:24:00.000000,308.92000000,308.92000000,308.92000000,308.92000000,15.05799000
2017-08-17 11:25:00.000000,308.92000000,310.40000000,308.92000000,310.40000000,1.15609000
2017-08-17 11:26:00.000000,310.40000000,310.40000000,310.40000000,310.40000000,1.58066000
2017-08-17 11:27:00.000000,310.40000000,310.40000000,310.40000000,310.40000000,0.00000000
2017-08-17 11:28:00.000000,310.40000000,310.40000000,310.40000000,310.40000000,0.46669000
2017-08-17 11:29:00.000000,310.40000000,310.40000000,310.40000000,310.40000000,4.78168000
2017-08-17 11:30:00.000000,310.40000000,310.68000000,310.40000000,310.68000000,3.61948000
2017-08-17 11:31:00.000000,310.68000000,310.68000000,310.68000000,310.68000000,2.58278000
2017-08-17 11:32:00.000000,310.68000000,310.68000000,310.68000000,310.68000000,0.00000000
2017-08-17 11:33:00.000000,310.68000000,310.68000000,310.51000000,310.51000000,2.02252000
2017-08-17 11:34:00.000000,310.51000000,310.51000000,310.51000000,310.51000000,0.00000000
2017-08-17 11:35:00.000000,310.51000000,310.51000000,310.51000000,310.51000000,2.02494000
2017-08-17 11:36:00.000000,309.44000000,310.51000000,309.44000000,310.51000000,51.16241000
2017-08-17 11:37:00.000000,309.56000000,309.56000000,309.56000000,309.56000000,0.18727000
2017-08-17 11:38:00.000000,308.39000000,309.56000000,308.39000000,309.56000000,3.85751000
2017-08-17 11:39:00.000000,309.56000000,309.56000000,309.56000000,309.56000000,1.39687000
2017-08-17 11:40:00.000000,309.56000000,309.56000000,309.56000000,309.56000000,7.24128000
2017-08-17 11:41:00.000000,309.56000000,309.56000000,309.56000000,309.56000000,0.15919000
2017-08-17 11:42:00.000000,309.56000000,309.56000000,309.56000000,309.56000000,0.00000000
2017-08-17 11:43:00.000000,309.56000000,309.56000000,309.56000000,309.56000000,1.19280000
2017-08-17 11:44:00.000000,309.56000000,309.56000000,309.56000000,309.56000000,0.05821000
2017-08-17 11:45:00.000000,309.56000000,309.56000000,308.39000000,308.39000000,0.54005000
2017-08-17 11:46:00.000000,309.56000000,309.56000000,308.39000000,309.56000000,5.13183000
2017-08-17 11:47:00.000000,308.39000000,308.39000000,308.39000000,308.39000000,3.24600000
2017-08-17 11:48:00.000000,308.39000000,308.39000000,308.39000000,308.39000000,0.00000000
2017-08-17 11:49:00.000000,309.56000000,309.56000000,309.56000000,309.56000000,0.36056000
2017-08-17 11:50:00.000000,309.56000000,309.56000000,309.56000000,309.56000000,3.11221000
2017-08-17 11:51:00.000000,309.56000000,309.56000000,309.56000000,309.56000000,4.74578000
2017-08-17 11:52:00.000000,308.95000000,308.95000000,308.95000000,308.95000000,17.48034000
2017-08-17 11:53:00.000000,308.95000000,308.95000000,308.95000000,308.95000000,8.17404000
2017-08-17 11:54:00.000000,308.95000000,308.95000000,308.95000000,308.95000000,2.31936000
2017-08-17 11:55:00.000000,308.95000000,308.95000000,308.95000000,308.95000000,0.00000000
2017-08-17 11:56:00.000000,308.95000000,308.95000000,308.95000000,308.95000000,1.42311000
2017-08-17 11:57:00.000000,308.95000000,308.95000000,308.95000000,308.95000000,0.77573000
2017-08-17 11:58:00.000000,308.95000000,308.95000000,308.95000000,308.95000000,0.09985000
2017-08-17 11:59:00.000000,308.95000000,308.95000000,308.95000000,308.95000000,1.70731000
2017-08-17 12:00:00.000000,308.95000000,308.95000000,308.95000000,308.95000000,0.36000000
2017-08-17 12:01:00.000000,308.95000000,309.12000000,308.95000000,309.12000000,0.75930000
2017-08-17 12:02:00.000000,309.12000000,309.12000000,309.12000000,309.12000000,4.70241000
2017-08-17 12:03:00.000000,308.75000000,309.12000000,308.75000000,309.12000000,55.18247000
2017-08-17 12:04:00.000000,309.12000000,309.42000000,309.12000000,309.42000000,0.68051000
2017-08-17 12:05:00.000000,309.42000000,309.42000000,309.42000000,309.42000000,0.49913000
2017-08-17 12:06:00.000000,309.42000000,309.42000000,309.42000000,309.42000000,0.47959000
2017-08-17 12:07:00.000000,309.42000000,309.42000000,309.42000000,309.42000000,0.19574000
2017-08-17 12:08:00.000000,309.42000000,309.42000000,309.42000000,309.42000000,3.74529000
2017-08-17 12:09:00.000000,309.42000000,309.42000000,309.42000000,309.42000000,1.08657000
2017-08-17 12:10:00.000000,310.51000000,310.51000000,310.51000000,310.51000000,0.89388000
2017-08-17 12:11:00.000000,310.51000000,310.51000000,310.51000000,310.51000000,3.58763000
2017-08-17 12:12:00.000000,310.51000000,310.51000000,310.51000000,310.51000000,0.00000000
2017-08-17 12:13:00.000000,310.05000000,310.05000000,310.05000000,310.05000000,25.15537000
2017-08-17 12:14:00.000000,310.05000000,310.45000000,310.05000000,310.45000000,7.73168000
2017-08-17 12:15:00.000000,310.45000000,310.45000000,310.45000000,310.45000000,0.00682000
2017-08-17 12:16:00.000000,310.05000000,310.45000000,310.05000000,310.45000000,1.27563000
2017-08-17 12:17:00.000000,310.45000000,310.45000000,310.45000000,310.45000000,0.54055000
2017-08-17 12:18:00.000000,310.45000000,310.45000000,310.45000000,310.45000000,7.71203000
2017-08-17 12:19:00.000000,310.45000000,310.45000000,310.45000000,310.45000000,0.00000000
2017-08-17 12:20:00.000000,309.72000000,309.72000000,309.72000000,309.72000000,1.98279000
2017-08-17 12:21:00.000000,309.72000000,309.72000000,309.72000000,309.72000000,0.24309000
2017-08-17 12:22:00.000000,309.72000000,309.72000000,309.72000000,309.72000000,1.07314000
2017-08-17 12:23:00.000000,308.39000000,308.39000000,307.98000000,307.98000000,12.27473000
2017-08-17 12:24:00.000000,309.72000000,309.72000000,309.72000000,309.72000000,7.88998000
2017-08-17 12:25:00.000000,309.62000000,309.62000000,309.62000000,309.62000000,6.80429000
2017-08-17 12:26:00.000000,308.76000000,308.76000000,308.76000000,308.76000000,0.86293000
2017-08-17 12:27:00.000000,308.76000000,308.76000000,308.76000000,308.76000000,2.63326000
2017-08-17 12:28:00.000000,308.07000000,308.07000000,308.07000000,308.07000000,48.80394000
2017-08-17 12:29:00.000000,308.76000000,308.76000000,308.76000000,308.76000000,7.75994000
2017-08-17 12:30:00.000000,308.62000000,308.62000000,308.62000000,308.62000000,26.08660000
2017-08-17 12:31:00.000000,308.20000000,308.20000000,308.20000000,308.20000000,0.71740000
2017-08-17 12:32:00.000000,308.20000000,308.20000000,308.20000000,308.20000000,6.03146000
2017-08-17 12:33:00.000000,308.20000000,308.20000000,308.20000000,308.20000000,7.27935000
2017-08-17 12:34:00.000000,308.03000000,308.03000000,308.03000000,308.03000000,3.77986000
2017-08-17 12:35:00.000000,308.03000000,308.03000000,308.03000000,308.03000000,8.55458000
2017-08-17 12:36:00.000000,308.03000000,308.03000000,308.03000000,308.03000000,1.72736000
2017-08-17 12:37:00.000000,308.03000000,308.03000000,308.03000000,308.03000000,0.07852000
2017-08-17 12:38:00.000000,308.03000000,308.03000000,308.03000000,308.03000000,18.74874000
2017-08-17 12:39:00.000000,308.03000000,308.03000000,308.03000000,308.03000000,1.70171000
2017-08-17 12:40:00.000000,308.03000000,308.03000000,308.03000000,308.03000000,20.92253000
2017-08-17 12:41:00.000000,308.03000000,308.03000000,308.03000000,308.03000000,1.99150000
2017-08-17 12:42:00.000000,308.03000000,308.03000000,308.03000000,308.03000000,0.00000000
2017-08-17 12:43:00.000000,308.03000000,308.03000000,308.03000000,308.03000000,3.10175000
2017-08-17 12:44:00.000000,308.03000000,308.03000000,308.03000000,308.03000000,4.28485000
2017-08-17 12:45:00.000000,308.12000000,308.12000000,308.12000000,308.12000000,1.46581000
2017-08-17 12:46:00.000000,308.12000000,308.12000000,308.12000000,308.12000000,5.09028000
2017-08-17 12:47:00.000000,308.12000000,308.12000000,308.12000000,308.12000000,0.44161000
2017-08-17 12:48:00.000000,308.12000000,308.12000000,308.12000000,308.12000000,0.38164000
2017-08-17 12:49:00.000000,308.12000000,308.12000000,308.12000000,308.12000000,9.81586000
2017-08-17 12:50:00.000000,308.12000000,308.12000000,308.12000000,308.12000000,1.88224000
2017-08-17 12:51:00.000000,308.52000000,308.52000000,308.52000000,308.52000000,1.35406000
2017-08-17 12:52:00.000000,308.52000000,308.52000000,308.52000000,308.52000000,0.40000000
2017-08-17 12:53:00.000000,308.52000000,308.52000000,308.52000000,308.52000000,5.18615000
2017-08-17 12:54:00.000000,308.55000000,308.55000000,308.04000000,308.23000000,56.57292000
2017-08-17 12:55:00.000000,308.23000000,308.23000000,308.23000000,308.23000000,6.15464000
2017-08-17 12:56:00.000000,308.23000000,308.23000000,308.23000000,308.23000000,0.00000000
2017-08-17 12:57:00.000000,308.62000000,308.62000000,308.62000000,308.62000000,1.76206000
2017-08-17 12:58:00.000000,308.62000000,308.62000000,308.62000000,308.62000000,0.79998000
2017-08-17 12:59:00.000000,308.62000000,308.62000000,308.62000000,308.62000000,0.55663000
2017-08-17 13:00:00.000000,308.62000000,308.62000000,308.62000000,308.62000000,0.69719000
2017-08-17 13:01:00.000000,308.62000000,308.62000000,308.62000000,308.62000000,5.08415000
2017-08-17 13:02:00.000000,308.62000000,308.62000000,308.62000000,308.62000000,0.32941000
2017-08-17 13:03:00.000000,309.72000000,309.72000000,309.72000000,309.72000000,8.50520000
2017-08-17 13:04:00.000000,309.62000000,309.62000000,309.62000000,309.62000000,1.65747000
2017-08-17 13:05:00.000000,309.62000000,309.62000000,309.62000000,309.62000000,1.09264000
2017-08-17 13:06:00.000000,309.62000000,309.62000000,309.62000000,309.62000000,0.55121000
2017-08-17 13:07:00.000000,309.62000000,309.62000000,309.62000000,309.62000000,2.25266000
2017-08-17 13:08:00.000000,309.62000000,309.62000000,309.62000000,309.62000000,1.18420000
2017-08-17 13:09:00.000000,309.62000000,309.62000000,309.62000000,309.62000000,0.38716000
2017-08-17 13:10:00.000000,309.62000000,309.62000000,309.62000000,309.62000000,0.39867000
2017-08-17 13:11:00.000000,309.62000000,309.62000000,309.52000000,309.52000000,9.33985000
2017-08-17 13:12:00.000000,309.52000000,309.52000000,309.52000000,309.52000000,1.62034000
2017-08-17 13:13:00.000000,309.52000000,309.52000000,309.52000000,309.52000000,0.95683000
2017-08-17 13:14:00.000000,308.45000000,308.45000000,308.45000000,308.45000000,48.70830000
2017-08-17 13:15:00.000000,309.52000000,309.52000000,309.15000000,309.15000000,5.20254000
2017-08-17 13:16:00.000000,309.15000000,309.15000000,309.15000000,309.15000000,7.30981000
2017-08-17 13:17:00.000000,309.15000000,309.15000000,309.15000000,309.15000000,0.00000000
2017-08-17 13:18:00.000000,309.15000000,309.15000000,309.15000000,309.15000000,3.99643000
2017-08-17 13:19:00.000000,309.15000000,309.15000000,309.15000000,309.15000000,0.18896000
2017-08-17 13:20:00.000000,309.15000000,309.15000000,309.15000000,309.15000000,0.48309000
2017-08-17 13:21:00.000000,309.15000000,309.52000000,309.15000000,309.52000000,2.92315000
2017-08-17 13:22:00.000000,309.52000000,309.52000000,309.52000000,309.52000000,2.96949000
2017-08-17 13:23:00.000000,309.51000000,309.51000000,309.51000000,309.51000000,0.81074000
2017-08-17 13:24:00.000000,309.51000000,309.51000000,309.51000000,309.51000000,0.66868000
2017-08-17 13:25:00.000000,309.51000000,309.52000000,309.51000000,309.52000000,3.82806000
2017-08-17 13:26:00.000000,309.52000000,309.52000000,309.52000000,309.52000000,0.14066000
2017-08-17 13:27:00.000000,309.52000000,309.52000000,309.52000000,309.52000000,5.13030000
2017-08-17 13:28:00.000000,309.52000000,309.52000000,309.52000000,309.52000000,0.00000000
2017-08-17 13:29:00.000000,309.52000000,309.52000000,309.52000000,309.52000000,0.60177000
2017-08-17 13:30:00.000000,309.52000000,309.52000000,309.52000000,309.52000000,0.00000000
2017-08-17 13:31:00.000000,309.52000000,309.52000000,309.52000000,309.52000000,1.03523000
2017-08-17 13:32:00.000000,309.52000000,309.52000000,309.52000000,309.52000000,0.84216000
2017-08-17 13:33:00.000000,309.52000000,309.52000000,309.52000000,309.52000000,0.99856000
2017-08-17 13:34:00.000000,309.52000000,309.52000000,309.52000000,309.52000000,1.73587000
2017-08-17 13:35:00.000000,309.52000000,309.52000000,309.52000000,309.52000000,1.71003000
2017-08-17 13:36:00.000000,309.52000000,309.52000000,309.52000000,309.52000000,0.03835000
2017-08-17 13:37:00.000000,309.52000000,309.52000000,309.52000000,309.52000000,1.11652000
2017-08-17 13:38:00.000000,309.52000000,309.52000000,309.52000000,309.52000000,0.00000000
2017-08-17 13:39:00.000000,309.52000000,309.52000000,309.52000000,309.52000000,0.75425000
2017-08-17 13:40:00.000000,309.52000000,309.52000000,309.52000000,309.52000000,79.52438000
2017-08-17 13:41:00.000000,309.52000000,309.52000000,309.52000000,309.52000000,3.34611000
2017-08-17 13:42:00.000000,309.52000000,309.52000000,309.52000000,309.52000000,5.13211000
2017-08-17 13:43:00.000000,309.52000000,309.52000000,309.52000000,309.52000000,0.00000000
2017-08-17 13:44:00.000000,309.52000000,309.52000000,308.77000000,308.77000000,18.66091000
2017-08-17 13:45:00.000000,308.77000000,308.77000000,308.77000000,308.77000000,0.82019000
2017-08-17 13:46:00.000000,308.00000000,308.77000000,308.00000000,308.77000000,2.66763000
2017-08-17 13:47:00.000000,308.77000000,308.77000000,308.77000000,308.77000000,0.46888000
2017-08-17 13:48:00.000000,308.77000000,308.77000000,308.77000000,308.77000000,4.93651000
2017-08-17 13:49:00.000000,308.77000000,308.77000000,308.77000000,308.77000000,3.32054000
2017-08-17 13:50:00.000000,308.07000000,308.07000000,308.07000000,308.07000000,48.68035000
2017-08-17 13:51:00.000000,308.77000000,308.77000000,308.77000000,308.77000000,0.64257000
2017-08-17 13:52:00.000000,308.77000000,308.77000000,308.77000000,308.77000000,1.14165000
2017-08-17 13:53:00.000000,308.77000000,308.77000000,308.77000000,308.77000000,0.88942000
2017-08-17 13:54:00.000000,308.77000000,308.77000000,308.77000000,308.77000000,1.65282000
2017-08-17 13:55:00.000000,308.77000000,308.77000000,308.77000000,308.77000000,0.16103000
2017-08-17 13:56:00.000000,307.77000000,308.77000000,307.77000000,308.77000000,4.70677000
2017-08-17 13:57:00.000000,308.77000000,309.40000000,307.77000000,309.40000000,6.60847000
2017-08-17 13:58:00.000000,309.40000000,309.40000000,307.77000000,307.77000000,1.93308000
2017-08-17 13:59:00.000000,307.77000000,309.40000000,307.77000000,309.40000000,0.03707000
2017-08-17 14:00:00.000000,307.77000000,307.77000000,307.77000000,307.77000000,0.98630000
2017-08-17 14:01:00.000000,307.77000000,308.45000000,307.77000000,308.45000000,21.61702000
2017-08-17 14:02:00.000000,308.45000000,308.45000000,308.45000000,308.45000000,20.96240000
2017-08-17 14:03:00.000000,308.23000000,308.23000000,308.23000000,308.23000000,15.29726000
2017-08-17 14:04:00.000000,308.23000000,308.23000000,308.23000000,308.23000000,5.29104000
2017-08-17 14:05:00.000000,307.25000000,308.23000000,307.25000000,308.23000000,65.79249000
2017-08-17 14:06:00.000000,307.90000000,307.90000000,307.90000000,307.90000000,3.70704000
2017-08-17 14:07:00.000000,307.90000000,307.90000000,307.78000000,307.90000000,78.74224000
2017-08-17 14:08:00.000000,307.23000000,307.78000000,307.03000000,307.23000000,24.46500000
2017-08-17 14:09:00.000000,307.23000000,307.23000000,307.23000000,307.23000000,0.00000000
2017-08-17 14:10:00.000000,307.03000000,307.03000000,307.03000000,307.03000000,5.38190000
2017-08-17 14:11:00.000000,305.49000000,305.49000000,305.49000000,305.49000000,50.32874000
2017-08-17 14:12:00.000000,307.03000000,307.24000000,307.03000000,307.24000000,21.56289000
2017-08-17 14:13:00.000000,307.24000000,307.24000000,307.24000000,307.24000000,0.00000000
2017-08-17 14:14:00.000000,307.23000000,307.23000000,307.23000000,307.23000000,0.68983000
2017-08-17 14:15:00.000000,307.23000000,307.23000000,307.23000000,307.23000000,2.93081000
2017-08-17 14:16:00.000000,307.23000000,307.23000000,307.23000000,307.23000000,4.87690000
2017-08-17 14:17:00.000000,307.23000000,307.23000000,307.23000000,307.23000000,0.00000000
2017-08-17 14:18:00.000000,307.23000000,307.23000000,306.81000000,306.81000000,22.15771000
2017-08-17 14:19:00.000000,306.81000000,306.81000000,306.81000000,306.81000000,0.00000000
2017-08-17 14:20:00.000000,307.12000000,307.12000000,307.12000000,307.12000000,6.70617000
2017-08-17 14:21:00.000000,307.12000000,307.12000000,307.12000000,307.12000000,1.94185000
2017-08-17 14:22:00.000000,307.12000000,307.12000000,307.12000000,307.12000000,0.00000000
2017-08-17 14:23:00.000000,307.12000000,307.12000000,307.12000000,307.12000000,4.02136000
2017-08-17 14:24:00.000000,307.12000000,307.12000000,307.12000000,307.12000000,3.45436000
2017-08-17 14:25:00.000000,305.54000000,307.59000000,305.54000000,307.59000000,52.84895000
2017-08-17 14:26:00.000000,307.59000000,307.59000000,307.59000000,307.59000000,0.43267000
2017-08-17 14:27:00.000000,307.59000000,307.59000000,307.59000000,307.59000000,0.73766000
2017-08-17 14:28:00.000000,307.59000000,307.59000000,307.59000000,307.59000000,0.00000000
2017-08-17 14:29:00.000000,307.59000000,307.59000000,307.59000000,307.59000000,0.71522000
2017-08-17 14:30:00.000000,307.59000000,307.59000000,307.59000000,307.59000000,0.00000000
2017-08-17 14:31:00.000000,307.59000000,307.59000000,307.59000000,307.59000000,1.11321000
2017-08-17 14:32:00.000000,307.59000000,307.59000000,307.59000000,307.59000000,0.37100000
2017-08-17 14:33:00.000000,307.59000000,307.59000000,307.58000000,307.58000000,1.91707000
2017-08-17 14:34:00.000000,307.58000000,307.58000000,307.58000000,307.58000000,0.27358000
2017-08-17 14:35:00.000000,307.58000000,307.58000000,307.58000000,307.58000000,1.98276000
2017-08-17 14:36:00.000000,307.58000000,307.58000000,307.58000000,307.58000000,0.14339000
2017-08-17 14:37:00.000000,307.58000000,307.58000000,307.58000000,307.58000000,0.74168000
2017-08-17 14:38:00.000000,307.58000000,307.59000000,307.58000000,307.59000000,3.70680000
2017-08-17 14:39:00.000000,307.59000000,307.59000000,307.59000000,307.59000000,4.15506000
2017-08-17 14:40:00.000000,307.67000000,307.67000000,307.67000000,307.67000000,14.46369000
2017-08-17 14:41:00.000000,307.67000000,307.67000000,307.67000000,307.67000000,36.04218000
2017-08-17 14:42:00.000000,307.58000000,308.71000000,307.23000000,307.23000000,6.29982000
2017-08-17 14:43:00.000000,307.23000000,307.23000000,307.23000000,307.23000000,8.85971000
2017-08-17 14:44:00.000000,307.23000000,307.23000000,307.23000000,307.23000000,0.00000000
2017-08-17 14:45:00.000000,307.23000000,307.23000000,307.23000000,307.23000000,3.23553000
2017-08-17 14:46:00.000000,307.23000000,307.23000000,307.23000000,307.23000000,12.28635000
2017-08-17 14:47:00.000000,307.23000000,307.23000000,307.23000000,307.23000000,14.26322000
2017-08-17 14:48:00.000000,307.23000000,307.23000000,307.23000000,307.23000000,0.00000000
2017-08-17 14:49:00.000000,307.23000000,307.23000000,307.23000000,307.23000000,7.06911000
2017-08-17 14:50:00.000000,306.22000000,307.23000000,306.22000000,306.43000000,83.45159000
2017-08-17 14:51:00.000000,306.43000000,306.43000000,306.43000000,306.43000000,11.27317000
2017-08-17 14:52:00.000000,306.43000000,306.43000000,306.43000000,306.43000000,0.00000000
2017-08-17 14:53:00.000000,306.43000000,306.43000000,306.43000000,306.43000000,1.49365000
2017-08-17 14:54:00.000000,306.17000000,306.43000000,306.17000000,306.43000000,49.94633000
2017-08-17 14:55:00.000000,306.43000000,306.43000000,306.43000000,306.43000000,12.99607000
2017-08-17 14:56:00.000000,306.51000000,306.51000000,306.51000000,306.51000000,11.61549000
2017-08-17 14:57:00.000000,306.50000000,306.50000000,306.50000000,306.50000000,1.95139000
2017-08-17 14:58:00.000000,306.50000000,306.50000000,306.50000000,306.50000000,3.58730000
2017-08-17 14:59:00.000000,306.50000000,306.50000000,306.50000000,306.50000000,1.37269000
2017-08-17 15:00:00.000000,306.50000000,306.50000000,306.50000000,306.50000000,10.72037000
2017-08-17 15:01:00.000000,306.50000000,306.50000000,306.50000000,306.50000000,0.72797000
2017-08-17 15:02:00.000000,306.50000000,306.50000000,306.50000000,306.50000000,0.99357000
2017-08-17 15:03:00.000000,306.50000000,306.50000000,306.50000000,306.50000000,0.23080000
2017-08-17 15:04:00.000000,306.50000000,306.50000000,306.50000000,306.50000000,0.67049000
2017-08-17 15:05:00.000000,306.50000000,307.78000000,306.50000000,307.78000000,0.46291000
2017-08-17 15:06:00.000000,307.78000000,307.78000000,306.53000000,306.53000000,1.82791000
2017-08-17 15:07:00.000000,306.53000000,306.53000000,306.53000000,306.53000000,0.00000000
2017-08-17 15:08:00.000000,307.78000000,307.78000000,307.78000000,307.78000000,0.67656000
2017-08-17 15:09:00.000000,307.78000000,307.78000000,307.78000000,307.78000000,1.45252000
2017-08-17 15:10:00.000000,306.53000000,306.53000000,306.53000000,306.53000000,0.59356000
2017-08-17 15:11:00.000000,306.53000000,306.53000000,306.43000000,306.43000000,5.30333000
2017-08-17 15:12:00.000000,306.43000000,306.43000000,306.43000000,306.43000000,0.97823000
2017-08-17 15:13:00.000000,306.43000000,306.43000000,306.43000000,306.43000000,7.56810000
2017-08-17 15:14:00.000000,306.43000000,306.43000000,306.43000000,306.43000000,4.38183000
2017-08-17 15:15:00.000000,306.43000000,306.43000000,306.43000000,306.43000000,0.37928000
2017-08-17 15:16:00.000000,306.43000000,306.43000000,306.43000000,306.43000000,1.50754000
2017-08-17 15:17:00.000000,307.78000000,307.78000000,307.78000000,307.78000000,0.39678000
2017-08-17 15:18:00.000000,307.78000000,307.78000000,307.78000000,307.78000000,0.37409000
2017-08-17 15:19:00.000000,307.78000000,307.78000000,307.78000000,307.78000000,0.09349000
2017-08-17 15:20:00.000000,307.78000000,308.71000000,307.78000000,308.71000000,10.67720000
2017-08-17 15:21:00.000000,308.71000000,308.71000000,308.71000000,308.71000000,0.44069000
2017-08-17 15:22:00.000000,308.71000000,308.71000000,308.03000000,308.03000000,10.62300000
2017-08-17 15:23:00.000000,308.03000000,308.03000000,307.86000000,307.86000000,9.68990000
2017-08-17 15:24:00.000000,307.86000000,308.03000000,307.86000000,307.86000000,2.61066000
2017-08-17 15:25:00.000000,307.87000000,307.87000000,307.87000000,307.87000000,13.94306000
2017-08-17 15:26:00.000000,307.87000000,307.97000000,307.87000000,307.87000000,2.09363000
2017-08-17 15:27:00.000000,307.87000000,307.97000000,307.24000000,307.24000000,19.46987000
2017-08-17 15:28:00.000000,307.24000000,308.76000000,306.81000000,307.24000000,33.74463000
2017-08-17 15:29:00.000000,307.24000000,307.24000000,306.43000000,306.43000000,2.11071000
2017-08-17 15:30:00.000000,306.40000000,306.40000000,306.40000000,306.40000000,23.03500000
2017-08-17 15:31:00.000000,306.40000000,306.74000000,306.40000000,306.74000000,10.56566000
2017-08-17 15:32:00.000000,306.74000000,306.74000000,306.03000000,306.03000000,20.79604000
2017-08-17 15:33:00.000000,306.03000000,306.03000000,306.03000000,306.03000000,2.23509000
2017-08-17 15:34:00.000000,306.03000000,306.03000000,305.33000000,305.33000000,40.26200000
2017-08-17 15:35:00.000000,305.22000000,305.22000000,305.22000000,305.22000000,7.11000000
2017-08-17 15:36:00.000000,305.22000000,305.22000000,303.93000000,305.22000000,31.74868000
2017-08-17 15:37:00.000000,303.93000000,305.03000000,303.56000000,303.56000000,40.33812000
2017-08-17 15:38:00.000000,305.03000000,305.03000000,305.03000000,305.03000000,4.48921000
2017-08-17 15:39:00.000000,305.03000000,305.22000000,304.26000000,304.26000000,23.39292000
2017-08-17 15:40:00.000000,304.26000000,304.26000000,304.23000000,304.23000000,3.31200000
2017-08-17 15:41:00.000000,304.26000000,304.26000000,304.26000000,304.26000000,17.61310000
2017-08-17 15:42:00.000000,304.26000000,304.26000000,304.26000000,304.26000000,0.00000000
2017-08-17 15:43:00.000000,305.79000000,305.79000000,305.79000000,305.79000000,1.37133000
2017-08-17 15:44:00.000000,305.79000000,306.04000000,305.79000000,306.04000000,5.83483000
2017-08-17 15:45:00.000000,306.04000000,306.04000000,305.79000000,306.04000000,2.66552000
2017-08-17 15:46:00.000000,306.04000000,306.04000000,306.04000000,306.04000000,7.42213000
2017-08-17 15:47:00.000000,306.04000000,306.04000000,306.04000000,306.04000000,0.97787000
2017-08-17 15:48:00.000000,306.04000000,306.04000000,306.04000000,306.04000000,4.56326000
2017-08-17 15:49:00.000000,306.04000000,306.04000000,306.04000000,306.04000000,0.46485000
2017-08-17 15:50:00.000000,306.04000000,306.04000000,306.04000000,306.04000000,1.01591000
2017-08-17 15:51:00.000000,306.04000000,306.04000000,306.04000000,306.04000000,3.54175000
2017-08-17 15:52:00.000000,306.04000000,306.04000000,306.04000000,306.04000000,0.86805000
2017-08-17 15:53:00.000000,306.04000000,306.54000000,306.04000000,306.04000000,23.24085000
2017-08-17 15:54:00.000000,306.04000000,306.54000000,306.04000000,306.54000000,6.07120000
2017-08-17 15:55:00.000000,306.04000000,306.54000000,306.04000000,306.54000000,4.36720000
2017-08-17 15:56:00.000000,306.54000000,306.54000000,306.54000000,306.54000000,1.84022000
2017-08-17 15:57:00.000000,307.06000000,307.06000000,307.06000000,307.06000000,3.76407000
2017-08-17 15:58:00.000000,307.06000000,307.06000000,307.06000000,307.06000000,9.85056000
2017-08-17 15:59:00.000000,307.06000000,307.06000000,307.06000000,307.06000000,11.91972000
2017-08-17 16:00:00.000000,307.06000000,307.06000000,307.06000000,307.06000000,0.00000000
2017-08-17 16:01:00.000000,307.74000000,307.74000000,305.00000000,305.00000000,4.23827000
2017-08-17 16:02:00.000000,306.37000000,307.74000000,302.23000000,302.23000000,66.25723000
2017-08-17 16:03:00.000000,302.23000000,303.38000000,302.22000000,302.22000000,12.94178000
2017-08-17 16:04:00.000000,302.22000000,303.90000000,302.22000000,303.90000000,4.10009000
2017-08-17 16:05:00.000000,303.67000000,303.67000000,302.22000000,302.22000000,19.65400000
2017-08-17 16:06:00.000000,302.22000000,303.67000000,302.22000000,303.01000000,27.01510000
2017-08-17 16:07:00.000000,303.01000000,304.89000000,303.01000000,304.89000000,33.72434000
2017-08-17 16:08:00.000000,303.90000000,304.89000000,298.21000000,303.55000000,19.99960000
2017-08-17 16:09:00.000000,303.55000000,304.89000000,303.55000000,303.55000000,5.30192000
2017-08-17 16:10:00.000000,303.55000000,303.55000000,303.55000000,303.55000000,109.81896000
2017-08-17 16:11:00.000000,303.55000000,305.12000000,303.55000000,303.55000000,11.00633000
2017-08-17 16:12:00.000000,303.55000000,303.55000000,303.55000000,303.55000000,4.41209000
2017-08-17 16:13:00.000000,303.55000000,303.55000000,303.55000000,303.55000000,0.00000000
2017-08-17 16:14:00.000000,303.55000000,305.54000000,303.55000000,305.54000000,20.17016000
2017-08-17 16:15:00.000000,305.12000000,305.54000000,305.12000000,305.54000000,4.43650000
2017-08-17 16:16:00.000000,305.54000000,306.28000000,305.54000000,306.28000000,4.10047000
2017-08-17 16:17:00.000000,305.54000000,306.28000000,305.54000000,306.28000000,6.37263000
2017-08-17 16:18:00.000000,306.28000000,306.28000000,306.28000000,306.28000000,0.35447000
2017-08-17 16:19:00.000000,306.83000000,306.83000000,306.83000000,306.83000000,0.96121000
2017-08-17 16:20:00.000000,306.83000000,306.83000000,306.83000000,306.83000000,0.64076000
2017-08-17 16:21:00.000000,306.83000000,306.83000000,306.83000000,306.83000000,9.80775000
2017-08-17 16:22:00.000000,306.83000000,307.05000000,306.83000000,307.05000000,10.10728000
2017-08-17 16:23:00.000000,307.74000000,307.74000000,306.83000000,306.83000000,5.46600000
2017-08-17 16:24:00.000000,306.83000000,308.55000000,306.83000000,307.74000000,17.99248000
2017-08-17 16:25:00.000000,307.74000000,308.55000000,307.74000000,308.55000000,0.27515000
2017-08-17 16:26:00.000000,307.74000000,307.74000000,307.74000000,307.74000000,7.88145000
2017-08-17 16:27:00.000000,307.74000000,307.74000000,307.74000000,307.74000000,0.00049000
2017-08-17 16:28:00.000000,307.74000000,308.76000000,307.74000000,308.76000000,13.39853000
2017-08-17 16:29:00.000000,308.76000000,309.40000000,308.76000000,309.40000000,4.99628000
2017-08-17 16:30:00.000000,308.76000000,309.40000000,308.76000000,309.40000000,8.72756000
2017-08-17 16:31:00.000000,309.40000000,310.46000000,309.40000000,310.46000000,11.40575000
2017-08-17 16:32:00.000000,309.40000000,310.46000000,309.40000000,310.46000000,0.47645000
2017-08-17 16:33:00.000000,310.46000000,310.46000000,310.46000000,310.46000000,0.26084000
2017-08-17 16:34:00.000000,310.46000000,310.46000000,310.46000000,310.46000000,0.00000000
2017-08-17 16:35:00.000000,311.12000000,311.12000000,311.12000000,311.12000000,0.51789000
2017-08-17 16:36:00.000000,311.12000000,311.12000000,311.12000000,311.12000000,3.41740000
2017-08-17 16:37:00.000000,311.12000000,311.12000000,311.12000000,311.12000000,3.78289000
2017-08-17 16:38:00.000000,311.12000000,311.12000000,311.12000000,311.12000000,4.91972000
2017-08-17 16:39:00.000000,311.12000000,311.12000000,311.12000000,311.12000000,6.09366000
2017-08-17 16:40:00.000000,311.12000000,312.18000000,311.12000000,312.18000000,1.44680000
2017-08-17 16:41:00.000000,312.18000000,312.18000000,312.18000000,312.18000000,1.01638000
2017-08-17 16:42:00.000000,312.18000000,312.18000000,312.18000000,312.18000000,0.00000000
2017-08-17 16:43:00.000000,312.17000000,312.17000000,312.17000000,312.17000000,0.27464000
2017-08-17 16:44:00.000000,312.17000000,312.17000000,312.17000000,312.17000000,0.55885000
2017-08-17 16:45:00.000000,312.17000000,312.17000000,312.17000000,312.17000000,2.51079000
2017-08-17 16:46:00.000000,312.17000000,312.17000000,312.17000000,312.17000000,11.04635000
2017-08-17 16:47:00.000000,312.17000000,312.17000000,308.76000000,308.76000000,11.42531000
2017-08-17 16:48:00.000000,308.00000000,308.00000000,308.00000000,308.00000000,0.41804000
2017-08-17 16:49:00.000000,308.00000000,308.00000000,308.00000000,308.00000000,3.26089000
2017-08-17 16:50:00.000000,308.00000000,308.00000000,308.00000000,308.00000000,0.01643000
2017-08-17 16:51:00.000000,308.00000000,308.00000000,308.00000000,308.00000000,0.83153000
2017-08-17 16:52:00.000000,308.00000000,308.00000000,308.00000000,308.00000000,0.17874000
2017-08-17 16:53:00.000000,308.00000000,308.00000000,308.00000000,308.00000000,8.99698000
2017-08-17 16:54:00.000000,307.41000000,307.41000000,303.72000000,303.72000000,64.89555000
2017-08-17 16:55:00.000000,307.28000000,307.76000000,307.28000000,307.28000000,4.57131000
2017-08-17 16:56:00.000000,307.28000000,307.76000000,307.28000000,307.76000000,4.02148000
2017-08-17 16:57:00.000000,307.28000000,307.76000000,307.28000000,307.76000000,5.74472000
2017-08-17 16:58:00.000000,308.00000000,308.00000000,308.00000000,308.00000000,5.04642000
2017-08-17 16:59:00.000000,308.00000000,308.00000000,308.00000000,308.00000000,5.51608000
2017-08-17 17:00:00.000000,308.00000000,308.00000000,308.00000000,308.00000000,3.82903000
2017-08-17 17:01:00.000000,308.00000000,308.00000000,308.00000000,308.00000000,0.84846000
2017-08-17 17:02:00.000000,308.00000000,308.00000000,308.00000000,308.00000000,4.70414000
2017-08-17 17:03:00.000000,308.00000000,308.00000000,308.00000000,308.00000000,0.40447000
2017-08-17 17:04:00.000000,308.00000000,308.00000000,308.00000000,308.00000000,0.00000000
2017-08-17 17:05:00.000000,308.00000000,308.00000000,308.00000000,308.00000000,0.41353000
2017-08-17 17:06:00.000000,308.00000000,308.00000000,308.00000000,308.00000000,0.00000000
2017-08-17 17:07:00.000000,308.00000000,308.00000000,308.00000000,308.00000000,0.29945000
2017-08-17 17:08:00.000000,308.00000000,308.00000000,308.00000000,308.00000000,0.43179000
2017-08-17 17:09:00.000000,308.00000000,308.00000000,308.00000000,308.00000000,0.49247000
2017-08-17 17:10:00.000000,308.00000000,308.00000000,308.00000000,308.00000000,0.00000000
2017-08-17 17:11:00.000000,308.00000000,308.00000000,308.00000000,308.00000000,2.61651000
2017-08-17 17:12:00.000000,308.00000000,308.00000000,308.00000000,308.00000000,0.00000000
2017-08-17 17:13:00.000000,308.00000000,308.00000000,308.00000000,308.00000000,2.55442000
2017-08-17 17:14:00.000000,308.00000000,308.00000000,308.00000000,308.00000000,0.49537000
2017-08-17 17:15:00.000000,308.00000000,308.00000000,308.00000000,308.00000000,0.06957000
2017-08-17 17:16:00.000000,308.00000000,308.00000000,308.00000000,308.00000000,4.98917000
2017-08-17 17:17:00.000000,308.00000000,308.00000000,308.00000000,308.00000000,3.15179000
2017-08-17 17:18:00.000000,308.00000000,308.00000000,308.00000000,308.00000000,0.65593000
2017-08-17 17:19:00.000000,308.00000000,308.00000000,308.00000000,308.00000000,0.50434000
2017-08-17 17:20:00.000000,308.00000000,308.00000000,308.00000000,308.00000000,0.00000000
2017-08-17 17:21:00.000000,308.00000000,308.00000000,308.00000000,308.00000000,8.88149000
2017-08-17 17:22:00.000000,308.00000000,308.33000000,308.00000000,308.33000000,0.61400000
2017-08-17 17:23:00.000000,308.33000000,308.33000000,308.33000000,308.33000000,0.06213000
2017-08-17 17:24:00.000000,308.33000000,308.33000000,308.33000000,308.33000000,2.46320000
2017-08-17 17:25:00.000000,308.33000000,308.33000000,308.33000000,308.33000000,6.38227000
2017-08-17 17:26:00.000000,308.33000000,308.33000000,308.33000000,308.33000000,2.67263000
2017-08-17 17:27:00.000000,308.33000000,308.33000000,308.33000000,308.33000000,0.24584000
2017-08-17 17:28:00.000000,308.33000000,308.33000000,308.33000000,308.33000000,4.20091000
2017-08-17 17:29:00.000000,308.33000000,308.33000000,308.33000000,308.33000000,6.63217000
2017-08-17 17:30:00.000000,308.33000000,308.33000000,308.33000000,308.33000000,0.23838000
2017-08-17 17:31:00.000000,308.33000000,308.33000000,308.33000000,308.33000000,0.92865000
2017-08-17 17:32:00.000000,308.33000000,308.33000000,308.33000000,308.33000000,2.00747000
2017-08-17 17:33:00.000000,308.33000000,308.33000000,308.33000000,308.33000000,11.63100000
2017-08-17 17:34:00.000000,306.02000000,306.02000000,306.02000000,306.02000000,48.45734000
2017-08-17 17:35:00.000000,303.98000000,303.98000000,303.98000000,303.98000000,1.21213000
2017-08-17 17:36:00.000000,303.98000000,303.98000000,303.98000000,303.98000000,0.45466000
2017-08-17 17:37:00.000000,303.98000000,303.98000000,303.98000000,303.98000000,0.05094000
2017-08-17 17:38:00.000000,303.98000000,303.98000000,303.98000000,303.98000000,1.33535000
2017-08-17 17:39:00.000000,303.98000000,303.98000000,303.98000000,303.98000000,0.00000000
2017-08-17 17:40:00.000000,303.98000000,303.98000000,303.98000000,303.98000000,0.47923000
2017-08-17 17:41:00.000000,303.98000000,303.98000000,303.98000000,303.98000000,3.77638000
2017-08-17 17:42:00.000000,303.98000000,303.98000000,303.98000000,303.98000000,9.74250000
2017-08-17 17:43:00.000000,303.98000000,308.02000000,303.98000000,308.02000000,1.17035000
2017-08-17 17:44:00.000000,308.02000000,308.02000000,308.02000000,308.02000000,0.09368000
2017-08-17 17:45:00.000000,308.02000000,308.02000000,308.02000000,308.02000000,2.62925000
2017-08-17 17:46:00.000000,308.02000000,308.02000000,308.02000000,308.02000000,0.00000000
2017-08-17 17:47:00.000000,308.22000000,308.22000000,308.22000000,308.22000000,17.75012000
2017-08-17 17:48:00.000000,308.22000000,308.22000000,308.22000000,308.22000000,0.47633000
2017-08-17 17:49:00.000000,308.22000000,308.22000000,308.22000000,308.22000000,0.32770000
2017-08-17 17:50:00.000000,308.22000000,308.22000000,308.22000000,308.22000000,5.10948000
2017-08-17 17:51:00.000000,308.22000000,308.22000000,308.22000000,308.22000000,4.83582000
2017-08-17 17:52:00.000000,308.22000000,308.22000000,308.22000000,308.22000000,6.24482000
2017-08-17 17:53:00.000000,308.22000000,308.22000000,308.22000000,308.22000000,7.15135000
2017-08-17 17:54:00.000000,308.22000000,308.22000000,308.22000000,308.22000000,3.74811000
2017-08-17 17:55:00.000000,308.22000000,308.22000000,308.22000000,308.22000000,1.48717000
2017-08-17 17:56:00.000000,308.22000000,308.22000000,308.22000000,308.22000000,0.50191000
2017-08-17 17:57:00.000000,308.22000000,308.22000000,308.22000000,308.22000000,0.99568000
2017-08-17 17:58:00.000000,308.22000000,308.22000000,308.22000000,308.22000000,0.00034000
2017-08-17 17:59:00.000000,308.33000000,308.33000000,308.33000000,308.33000000,0.49734000
2017-08-17 18:00:00.000000,308.33000000,308.33000000,308.33000000,308.33000000,1.39539000
2017-08-17 18:01:00.000000,308.33000000,308.33000000,308.33000000,308.33000000,0.72525000
2017-08-17 18:02:00.000000,308.33000000,308.33000000,308.33000000,308.33000000,0.52201000
2017-08-17 18:03:00.000000,308.33000000,308.33000000,308.33000000,308.33000000,0.99960000
2017-08-17 18:04:00.000000,308.33000000,308.33000000,308.33000000,308.33000000,9.65452000
2017-08-17 18:05:00.000000,310.19000000,310.19000000,308.33000000,308.33000000,5.84373000
2017-08-17 18:06:00.000000,310.19000000,310.19000000,310.19000000,310.19000000,29.24393000
2017-08-17 18:07:00.000000,310.19000000,310.19000000,310.19000000,310.19000000,0.65991000
2017-08-17 18:08:00.000000,310.19000000,310.19000000,310.19000000,310.19000000,0.21975000
2017-08-17 18:09:00.000000,310.19000000,310.19000000,310.19000000,310.19000000,0.73153000
2017-08-17 18:10:00.000000,310.19000000,310.19000000,310.19000000,310.19000000,2.65873000
2017-08-17 18:11:00.000000,310.19000000,310.19000000,310.19000000,310.19000000,2.03791000
2017-08-17 18:12:00.000000,310.19000000,310.19000000,310.19000000,310.19000000,0.00000000
2017-08-17 18:13:00.000000,310.19000000,310.19000000,298.96000000,298.96000000,3.51605000
2017-08-17 18:14:00.000000,308.58000000,308.58000000,308.58000000,308.58000000,1.45792000
2017-08-17 18:15:00.000000,308.58000000,308.58000000,308.58000000,308.58000000,0.31695000
2017-08-17 18:16:00.000000,308.58000000,308.58000000,308.58000000,308.58000000,0.51899000
2017-08-17 18:17:00.000000,308.58000000,308.58000000,308.58000000,308.58000000,1.60859000
2017-08-17 18:18:00.000000,308.58000000,308.58000000,308.58000000,308.58000000,10.09122000
2017-08-17 18:19:00.000000,308.58000000,308.58000000,308.58000000,308.58000000,0.35396000
2017-08-17 18:20:00.000000,308.58000000,308.58000000,308.58000000,308.58000000,0.60565000
2017-08-17 18:21:00.000000,308.58000000,308.58000000,308.58000000,308.58000000,0.54910000
2017-08-17 18:22:00.000000,308.58000000,308.58000000,308.58000000,308.58000000,0.00900000
2017-08-17 18:23:00.000000,308.58000000,308.58000000,308.58000000,308.58000000,0.59231000
2017-08-17 18:24:00.000000,310.64000000,310.64000000,310.64000000,310.64000000,9.19420000
2017-08-17 18:25:00.000000,310.64000000,310.64000000,310.64000000,310.64000000,0.06996000
2017-08-17 18:26:00.000000,310.64000000,310.64000000,310.64000000,310.64000000,4.37914000
2017-08-17 18:27:00.000000,310.64000000,310.64000000,310.64000000,310.64000000,0.27566000
2017-08-17 18:28:00.000000,310.64000000,310.64000000,310.64000000,310.64000000,0.63968000
2017-08-17 18:29:00.000000,310.64000000,310.64000000,310.64000000,310.64000000,0.40605000
2017-08-17 18:30:00.000000,310.64000000,310.64000000,310.64000000,310.64000000,0.00000000
2017-08-17 18:31:00.000000,311.53000000,311.53000000,311.53000000,311.53000000,9.09114000
2017-08-17 18:32:00.000000,305.24000000,305.24000000,301.97000000,301.97000000,48.10745000
2017-08-17 18:33:00.000000,301.97000000,301.97000000,301.97000000,301.97000000,4.46857000
2017-08-17 18:34:00.000000,301.97000000,301.97000000,301.97000000,301.97000000,1.17400000
2017-08-17 18:35:00.000000,301.97000000,301.97000000,301.97000000,301.97000000,1.51375000
2017-08-17 18:36:00.000000,301.97000000,301.97000000,301.97000000,301.97000000,1.75118000
2017-08-17 18:37:00.000000,301.97000000,301.97000000,301.97000000,301.97000000,0.97077000
2017-08-17 18:38:00.000000,301.97000000,301.97000000,301.97000000,301.97000000,0.66663000
2017-08-17 18:39:00.000000,301.97000000,309.10000000,301.97000000,309.10000000,5.76829000
2017-08-17 18:40:00.000000,309.10000000,309.10000000,309.10000000,309.10000000,0.00000000
2017-08-17 18:41:00.000000,309.10000000,309.10000000,309.10000000,309.10000000,2.07425000
2017-08-17 18:42:00.000000,309.10000000,309.10000000,309.10000000,309.10000000,10.05582000
2017-08-17 18:43:00.000000,309.10000000,309.10000000,309.10000000,309.10000000,0.00000000
2017-08-17 18:44:00.000000,309.10000000,309.10000000,309.10000000,309.10000000,1.79418000
2017-08-17 18:45:00.000000,309.10000000,309.10000000,309.10000000,309.10000000,0.45439000
2017-08-17 18:46:00.000000,309.10000000,309.10000000,309.10000000,309.10000000,0.55064000
2017-08-17 18:47:00.000000,309.10000000,309.10000000,309.10000000,309.10000000,7.54139000
2017-08-17 18:48:00.000000,309.10000000,309.10000000,309.10000000,309.10000000,0.33833000
2017-08-17 18:49:00.000000,309.10000000,309.10000000,309.10000000,309.10000000,4.79245000
2017-08-17 18:50:00.000000,309.10000000,309.10000000,309.10000000,309.10000000,0.00000000
2017-08-17 18:51:00.000000,309.10000000,309.10000000,309.10000000,309.10000000,2.49673000
2017-08-17 18:52:00.000000,309.10000000,309.10000000,309.10000000,309.10000000,1.06882000
2017-08-17 18:53:00.000000,309.10000000,309.10000000,309.10000000,309.10000000,0.66157000
2017-08-17 18:54:00.000000,309.10000000,309.10000000,309.10000000,309.10000000,2.68770000
2017-08-17 18:55:00.000000,309.10000000,309.10000000,309.10000000,309.10000000,3.16109000
2017-08-17 18:56:00.000000,309.10000000,309.10000000,309.10000000,309.10000000,0.07553000
2017-08-17 18:57:00.000000,309.10000000,309.10000000,309.10000000,309.10000000,1.21983000
2017-08-17 18:58:00.000000,309.10000000,309.10000000,309.10000000,309.10000000,0.80158000
2017-08-17 18:59:00.000000,309.10000000,309.10000000,309.10000000,309.10000000,1.09203000
2017-08-17 19:00:00.000000,309.10000000,309.10000000,309.10000000,309.10000000,2.73348000
2017-08-17 19:01:00.000000,309.10000000,309.10000000,309.10000000,309.10000000,17.56384000
2017-08-17 19:02:00.000000,309.10000000,309.10000000,309.10000000,309.10000000,11.27302000
2017-08-17 19:03:00.000000,309.10000000,309.10000000,309.10000000,309.10000000,6.66109000
2017-08-17 19:04:00.000000,309.10000000,309.10000000,309.10000000,309.10000000,11.85849000
2017-08-17 19:05:00.000000,309.10000000,309.10000000,309.00000000,309.00000000,1.08708000
2017-08-17 19:06:00.000000,309.00000000,309.00000000,309.00000000,309.00000000,0.07196000
2017-08-17 19:07:00.000000,309.00000000,309.00000000,309.00000000,309.00000000,0.75824000
2017-08-17 19:08:00.000000,309.00000000,309.00000000,309.00000000,309.00000000,0.28608000
2017-08-17 19:09:00.000000,309.00000000,309.00000000,309.00000000,309.00000000,0.00000000
2017-08-17 19:10:00.000000,309.00000000,309.00000000,309.00000000,309.00000000,0.03036000
2017-08-17 19:11:00.000000,309.00000000,309.84000000,309.00000000,309.84000000,6.06686000
2017-08-17 19:12:00.000000,309.84000000,309.84000000,309.84000000,309.84000000,0.00000000
2017-08-17 19:13:00.000000,309.84000000,309.84000000,309.84000000,309.84000000,1.04467000
2017-08-17 19:14:00.000000,304.06000000,304.06000000,302.22000000,302.22000000,48.60108000
2017-08-17 19:15:00.000000,302.22000000,302.22000000,302.22000000,302.22000000,3.03955000
2017-08-17 19:16:00.000000,302.22000000,302.22000000,302.22000000,302.22000000,0.00000000
2017-08-17 19:17:00.000000,302.22000000,302.22000000,302.22000000,302.22000000,4.06900000
2017-08-17 19:18:00.000000,302.22000000,305.68000000,302.22000000,305.68000000,3.07754000
2017-08-17 19:19:00.000000,305.68000000,305.68000000,305.68000000,305.68000000,0.00000000
2017-08-17 19:20:00.000000,305.68000000,305.68000000,305.68000000,305.68000000,1.23539000
2017-08-17 19:21:00.000000,305.68000000,305.68000000,305.68000000,305.68000000,0.28824000
2017-08-17 19:22:00.000000,305.68000000,305.68000000,305.68000000,305.68000000,1.69955000
2017-08-17 19:23:00.000000,305.68000000,305.68000000,305.68000000,305.68000000,0.35428000
2017-08-17 19:24:00.000000,305.68000000,305.68000000,305.68000000,305.68000000,2.56110000
2017-08-17 19:25:00.000000,305.68000000,305.68000000,305.68000000,305.68000000,3.34415000
2017-08-17 19:26:00.000000,305.68000000,308.71000000,305.68000000,308.71000000,0.47170000
2017-08-17 19:27:00.000000,308.71000000,308.71000000,308.71000000,308.71000000,0.00000000
2017-08-17 19:28:00.000000,308.71000000,308.71000000,308.71000000,308.71000000,0.57066000
2017-08-17 19:29:00.000000,308.71000000,308.71000000,308.71000000,308.71000000,0.04662000
2017-08-17 19:30:00.000000,308.71000000,308.71000000,308.71000000,308.71000000,1.12802000
2017-08-17 19:31:00.000000,308.71000000,309.05000000,308.71000000,309.05000000,0.21126000
2017-08-17 19:32:00.000000,309.05000000,309.05000000,309.05000000,309.05000000,0.46493000
2017-08-17 19:33:00.000000,309.05000000,309.05000000,309.05000000,309.05000000,3.73653000
2017-08-17 19:34:00.000000,309.05000000,309.05000000,309.05000000,309.05000000,0.73639000
2017-08-17 19:35:00.000000,309.05000000,309.05000000,309.05000000,309.05000000,0.00000000
2017-08-17 19:36:00.000000,309.05000000,309.05000000,309.05000000,309.05000000,0.22942000
2017-08-17 19:37:00.000000,309.05000000,309.05000000,309.05000000,309.05000000,0.93568000
2017-08-17 19:38:00.000000,309.05000000,309.05000000,309.05000000,309.05000000,3.97268000
2017-08-17 19:39:00.000000,309.05000000,309.05000000,309.05000000,309.05000000,3.64541000
2017-08-17 19:40:00.000000,309.05000000,309.05000000,309.05000000,309.05000000,0.27174000
2017-08-17 19:41:00.000000,309.41000000,309.41000000,309.41000000,309.41000000,0.13566000
2017-08-17 19:42:00.000000,309.41000000,309.41000000,309.41000000,309.41000000,0.43114000
2017-08-17 19:43:00.000000,309.41000000,309.41000000,309.41000000,309.41000000,1.95218000
2017-08-17 19:44:00.000000,309.41000000,309.41000000,309.41000000,309.41000000,2.25939000
2017-08-17 19:45:00.000000,309.41000000,309.41000000,309.41000000,309.41000000,0.00000000
2017-08-17 19:46:00.000000,309.41000000,309.41000000,309.41000000,309.41000000,2.32140000
2017-08-17 19:47:00.000000,309.41000000,309.41000000,309.41000000,309.41000000,0.00000000
2017-08-17 19:48:00.000000,309.41000000,309.41000000,309.41000000,309.41000000,1.91290000
2017-08-17 19:49:00.000000,309.41000000,309.41000000,309.41000000,309.41000000,0.33117000
2017-08-17 19:50:00.000000,309.41000000,309.41000000,309.41000000,309.41000000,0.33261000
2017-08-17 19:51:00.000000,309.41000000,309.41000000,309.41000000,309.41000000,0.33647000
2017-08-17 19:52:00.000000,309.41000000,309.41000000,309.41000000,309.41000000,3.43657000
2017-08-17 19:53:00.000000,309.41000000,309.41000000,309.41000000,309.41000000,0.58723000
2017-08-17 19:54:00.000000,309.41000000,309.41000000,309.41000000,309.41000000,0.27765000
2017-08-17 19:55:00.000000,309.41000000,309.41000000,309.41000000,309.41000000,0.38430000
2017-08-17 19:56:00.000000,309.40000000,309.40000000,309.40000000,309.40000000,2.20918000
2017-08-17 19:57:00.000000,304.69000000,304.69000000,301.60000000,301.60000000,48.10047000
2017-08-17 19:58:00.000000,301.60000000,301.60000000,301.60000000,301.60000000,6.06445000
2017-08-17 19:59:00.000000,301.60000000,301.60000000,301.60000000,301.60000000,0.43893000
2017-08-17 20:00:00.000000,301.60000000,302.11000000,301.60000000,302.11000000,9.25211000
2017-08-17 20:01:00.000000,302.11000000,302.11000000,302.11000000,302.11000000,0.00000000
2017-08-17 20:02:00.000000,302.11000000,302.11000000,302.11000000,302.11000000,1.99852000
2017-08-17 20:03:00.000000,302.11000000,303.76000000,302.11000000,303.76000000,20.89742000
2017-08-17 20:04:00.000000,303.76000000,303.76000000,303.76000000,303.76000000,0.00009000
2017-08-17 20:05:00.000000,309.40000000,309.40000000,309.40000000,309.40000000,8.31702000
2017-08-17 20:06:00.000000,309.00000000,309.40000000,309.00000000,309.00000000,9.97738000
2017-08-17 20:07:00.000000,309.00000000,309.00000000,309.00000000,309.00000000,6.54305000
2017-08-17 20:08:00.000000,309.00000000,309.00000000,302.00000000,309.00000000,7.52250000
2017-08-17 20:09:00.000000,309.00000000,309.00000000,302.00000000,302.00000000,4.29608000
2017-08-17 20:10:00.000000,309.00000000,309.00000000,308.00000000,309.00000000,6.38445000
2017-08-17 20:11:00.000000,308.00000000,308.00000000,308.00000000,308.00000000,9.92240000
2017-08-17 20:12:00.000000,308.00000000,308.00000000,308.00000000,308.00000000,8.06249000
2017-08-17 20:13:00.000000,308.00000000,308.00000000,308.00000000,308.00000000,0.00000000
2017-08-17 20:14:00.000000,308.00000000,308.00000000,308.00000000,308.00000000,0.96552000
2017-08-17 20:15:00.000000,308.00000000,308.00000000,308.00000000,308.00000000,0.00000000
2017-08-17 20:16:00.000000,308.00000000,308.00000000,308.00000000,308.00000000,4.25456000
2017-08-17 20:17:00.000000,308.00000000,308.00000000,302.00000000,302.00000000,0.83207000
2017-08-17 20:18:00.000000,308.00000000,308.00000000,308.00000000,308.00000000,0.07152000
2017-08-17 20:19:00.000000,308.00000000,308.00000000,302.00000000,302.00000000,0.39777000
2017-08-17 20:20:00.000000,302.00000000,308.00000000,302.00000000,308.00000000,3.93005000
2017-08-17 20:21:00.000000,307.00000000,307.00000000,307.00000000,307.00000000,0.29379000
2017-08-17 20:22:00.000000,307.00000000,307.00000000,307.00000000,307.00000000,6.06722000
2017-08-17 20:23:00.000000,307.00000000,307.00000000,307.00000000,307.00000000,1.21956000
2017-08-17 20:24:00.000000,307.00000000,307.00000000,307.00000000,307.00000000,3.17392000
2017-08-17 20:25:00.000000,302.00000000,302.00000000,302.00000000,302.00000000,3.76000000
2017-08-17 20:26:00.000000,307.00000000,307.00000000,307.00000000,307.00000000,1.27608000
2017-08-17 20:27:00.000000,307.00000000,307.00000000,307.00000000,307.00000000,0.00000000
2017-08-17 20:28:00.000000,306.00000000,306.00000000,306.00000000,306.00000000,3.22617000
2017-08-17 20:29:00.000000,302.50000000,302.50000000,301.88000000,301.88000000,54.57650000
2017-08-17 20:30:00.000000,301.88000000,301.88000000,301.88000000,301.88000000,3.35672000
2017-08-17 20:31:00.000000,301.88000000,301.88000000,301.88000000,301.88000000,6.50734000
2017-08-17 20:32:00.000000,301.88000000,301.88000000,301.88000000,301.88000000,14.22427000
2017-08-17 20:33:00.000000,301.60000000,301.60000000,301.60000000,301.60000000,0.56103000
2017-08-17 20:34:00.000000,301.42000000,301.42000000,301.42000000,301.42000000,4.52269000
2017-08-17 20:35:00.000000,301.42000000,301.42000000,299.01000000,299.01000000,1.03945000
2017-08-17 20:36:00.000000,301.44000000,301.44000000,301.44000000,301.44000000,3.44575000
2017-08-17 20:37:00.000000,301.44000000,301.44000000,301.44000000,301.44000000,2.59190000
2017-08-17 20:38:00.000000,301.44000000,302.00000000,301.44000000,302.00000000,7.51255000