Open	High	Low	Close	Volume
301.13	301.13	301.13	301.13	0.42643
301.13	301.13	301.13	301.13	2.75787
300.0	300.0	300.0	300.0	0.0993
300.0	300.0	300.0	300.0	0.31389
301.13	301.13	301.13	301.13	0.23202
300.0	301.13	300.0	301.13	0.75705
300.1	300.1	300.1	300.1	0.90018
300.1	300.1	300.1	300.1	0.0
300.1	300.1	298.0	298.0	0.31493
298.0	298.0	298.0	298.0	0.0
298.0	298.0	298.0	298.0	0.0
298.0	298.0	298.0	298.0	0.0
298.0	298.0	298.0	298.0	0.0
298.0	298.0	298.0	298.0	0.0
298.0	298.0	298.0	298.0	0.0
298.0	298.0	298.0	298.0	9.59614
298.0	298.0	298.0	298.0	0.0
298.0	298.0	298.0	298.0	0.0
298.0	298.0	298.0	298.0	2.91114
299.05	299.05	299.05	299.05	0.37758
299.05	299.05	299.05	299.05	0.17585
299.05	300.1	299.05	300.1	6.40719
300.1	300.1	300.1	300.1	0.0
300.1	300.1	300.1	300.1	0.0
300.1	300.1	300.1	300.1	0.0
299.4	299.4	299.4	299.4	0.54316
299.4	300.8	299.4	300.8	4.77061
299.39	299.39	299.39	299.39	0.08994
299.39	299.39	299.39	299.39	0.05886
299.39	299.39	299.39	299.39	6.51018
299.39	299.39	299.39	299.39	0.486
299.39	299.39	299.39	299.39	0.0
299.39	299.39	299.39	299.39	17.93696
299.39	299.39	299.39	299.39	1.95841
299.39	299.39	299.39	299.39	0.4096
299.39	299.39	299.39	299.39	24.5542
300.79	300.79	300.79	300.79	0.86993
299.6	299.6	299.6	299.6	0.90661
299.6	299.6	299.6	299.6	0.0
299.6	299.6	299.6	299.6	1.26188
299.6	299.6	299.6	299.6	0.70683
299.6	299.6	299.6	299.6	2.53734
299.6	299.6	299.6	299.6	0.55225
299.6	299.6	299.6	299.6	0.0
299.6	299.6	299.6	299.6	0.75578
299.6	299.6	299.6	299.6	0.75878
300.8	300.8	300.8	300.8	0.23323
300.79	300.79	300.79	300.79	2.27645
300.79	300.79	300.79	300.79	0.82377
300.79	300.79	300.79	300.79	1.14426
300.79	300.8	300.79	300.8	1.45349
300.8	300.8	300.8	300.8	0.0
300.8	301.13	300.8	300.8	6.78247
301.13	301.13	301.13	301.13	0.39447
301.13	301.13	301.13	301.13	7.31345
301.13	301.51	301.13	301.51	3.04318
302.57	302.57	302.57	302.57	3.5576
302.57	302.57	302.57	302.57	0.0
301.61	301.61	301.61	301.61	7.70951
301.61	301.61	301.61	301.61	0.0
301.61	301.61	301.61	301.61	1.05098
301.61	301.61	301.61	301.61	0.84224
301.61	301.61	301.61	301.61	0.07133
301.61	301.61	301.61	301.61	4.0805
300.95	301.61	300.95	301.61	50.76574
301.61	301.61	301.61	301.61	3.3158
301.61	302.57	301.61	302.57	1.98605
302.57	302.57	302.57	302.57	0.20072
302.57	302.57	302.57	302.57	1.15035
302.57	302.57	302.57	302.57	1.02645
302.57	302.57	302.57	302.57	1.73091
302.57	302.57	302.57	302.57	0.69964
302.57	302.57	302.57	302.57	6.17792
302.01	302.01	302.01	302.01	8.59372
302.01	302.01	302.01	302.01	0.0
302.01	302.01	302.01	302.01	1.15504
302.01	302.01	302.01	302.01	4.55278
302.05	302.05	302.05	302.05	2.44642
302.05	302.05	302.05	302.05	2.72121
302.05	302.05	302.05	302.05	0.1037
302.05	302.05	302.05	302.05	0.5324
302.05	302.05	302.05	302.05	5.93602
302.05	302.05	302.05	302.05	6.36608
302.05	302.21	302.05	302.21	21.0497
303.28	303.28	303.28	303.28	6.77711
302.21	302.21	302.21	302.21	7.08026
301.25	302.21	301.25	302.21	79.42479
302.21	302.21	302.21	302.21	0.6965
300.3	302.21	300.0	302.21	11.12014
302.21	302.21	302.21	302.21	0.15172
302.21	302.21	302.11	302.11	0.50638
302.11	302.11	302.11	302.11	0.36801
302.11	302.11	302.11	302.11	0.42101
302.11	302.11	302.11	302.11	4.71107
302.11	302.11	302.11	302.11	0.14866
302.11	302.11	302.11	302.11	5.44487
302.11	302.11	302.11	302.11	1.63948
302.2	302.2	302.2	302.2	1.05277
302.2	302.2	302.2	302.2	1.59307
302.2	302.2	302.2	302.2	0.02154
302.2	302.2	302.2	302.2	27.40002
303.28	303.28	303.28	303.28	0.65153
303.28	303.28	303.28	303.28	0.13319
303.28	303.28	303.28	303.28	2.27665
302.08	303.28	302.08	303.28	50.32042
303.28	303.28	303.28	303.28	0.69854
303.28	303.28	303.28	303.28	1.0776
303.28	303.28	303.28	303.28	0.06695
303.28	303.28	303.1	303.1	21.69937
303.1	303.1	303.1	303.1	0.0
303.1	303.1	303.1	303.1	0.72561
303.1	303.1	303.1	303.1	0.33202
303.1	303.1	303.1	303.1	7.38039
303.1	303.1	303.1	303.1	4.66083
303.1	303.1	303.1	303.1	2.35239
303.1	303.1	303.1	303.1	1.23781
303.1	303.1	303.1	303.1	2.24515
303.1	303.1	303.1	303.1	0.21874
303.1	303.1	303.1	303.1	0.69663
303.1	303.1	303.1	303.1	5.78554
302.4	302.4	302.4	302.4	1.94765
302.4	302.4	302.4	302.4	8.15231
302.4	302.41	302.4	302.41	0.97579
302.41	302.41	302.41	302.41	2.33519
302.41	302.41	302.41	302.41	1.98686
302.41	302.41	302.41	302.41	0.53655
302.41	302.41	302.41	302.41	0.22132
302.41	302.41	302.41	302.41	1.19039
302.41	302.61	302.41	302.41	4.04642
302.41	302.41	302.41	302.41	4.22536
302.61	302.61	302.61	302.61	0.45142
302.61	302.61	302.61	302.61	1.84013
302.61	302.61	302.61	302.61	0.98008
302.61	302.61	302.61	302.61	7.03182
302.61	302.61	302.61	302.61	4.49849
302.02	302.21	302.02	302.21	53.7931
302.21	302.21	302.21	302.21	0.56975
302.21	302.21	302.21	302.21	5.3385
303.71	303.71	303.71	303.71	0.31244
303.71	303.71	303.71	303.71	10.08926
303.71	303.71	303.71	303.71	0.84964
303.71	303.71	303.11	303.11	1.79569
303.11	303.11	303.11	303.11	0.0
303.11	303.11	303.11	303.11	0.18941
303.11	303.11	303.11	303.11	0.67232
303.11	303.11	303.11	303.11	0.79742
303.11	303.11	303.11	303.11	0.0
303.11	303.11	303.11	303.11	0.26185
303.11	303.11	303.11	303.11	0.29145
303.11	303.11	303.11	303.11	1.88414
303.11	303.11	303.11	303.11	8.27414
303.11	303.11	303.11	303.11	0.16267
303.11	303.11	303.11	303.11	0.67229
303.11	303.11	303.11	303.11	0.0
303.11	303.11	303.11	303.11	11.84821
303.11	303.11	303.11	303.11	7.44328
303.11	303.11	303.11	303.11	3.80517
304.44	304.44	304.44	304.44	4.11563
304.44	304.44	304.44	304.44	14.8851
302.75	303.61	302.75	303.61	63.61278
303.6	303.61	303.6	303.61	9.04174
303.6	303.6	303.6	303.6	15.82627
303.61	303.61	303.61	303.61	1.06029
303.61	303.61	303.61	303.61	7.51124
303.61	303.61	303.61	303.61	0.60259
303.61	303.61	303.61	303.61	0.30446
303.61	303.61	303.61	303.61	2.03443
303.61	303.61	303.61	303.61	0.0
303.61	303.61	303.61	303.61	0.82463
303.61	303.61	303.61	303.61	0.38861
303.61	303.61	303.61	303.61	0.32128
303.61	303.61	303.61	303.61	0.84631
303.61	303.61	302.68	302.68	1.56616
302.68	302.68	302.68	302.68	0.0
302.68	302.68	301.9	302.68	16.01847
302.68	302.68	302.68	302.68	3.53001
302.68	302.68	302.68	302.68	0.0
302.68	302.68	302.68	302.68	1.48934
302.68	302.68	302.68	302.68	0.0713
302.68	302.68	302.68	302.68	10.34557
302.68	302.68	302.68	302.68	0.48261
302.68	302.68	302.68	302.68	0.17184
302.68	302.68	302.6	302.6	17.58282
302.68	302.68	302.68	302.68	0.15837
303.61	303.61	303.61	303.61	0.6909
303.61	303.61	303.61	303.61	0.48775
303.0	303.61	303.0	303.61	15.56647
303.61	303.61	303.61	303.61	2.4502
303.61	303.61	303.61	303.61	9.12275
303.61	303.61	303.61	303.61	0.0
303.61	303.61	303.61	303.61	2.95123
302.75	303.61	302.75	303.61	59.77396
303.61	303.61	303.61	303.61	6.22331
303.61	303.61	303.61	303.61	5.07846
303.61	303.61	303.61	303.61	3.3939
303.61	303.61	303.61	303.61	2.07377
303.61	303.61	303.61	303.61	4.15719
303.61	303.61	303.61	303.61	30.21581
303.61	303.71	303.61	303.71	17.32766
303.71	304.97	303.71	304.97	21.80595
304.61	304.61	304.61	304.61	23.58056
304.61	304.61	304.61	304.61	0.0
304.61	304.61	304.61	304.61	4.95575
304.61	304.61	304.61	304.61	5.34458
303.8	304.61	303.8	304.61	92.68562
304.61	304.61	304.61	304.61	3.90919
304.61	304.61	304.61	304.61	32.71312
304.61	304.61	304.61	304.61	10.80628
304.61	304.61	304.61	304.61	8.65124
303.8	304.61	303.8	304.61	54.88612
304.61	304.61	304.61	304.61	11.95186
304.61	304.61	304.61	304.61	49.36699
304.61	304.61	304.61	304.61	0.0
304.61	304.61	304.61	304.61	0.0
304.61	304.61	304.61	304.61	7.20129
304.61	304.61	304.61	304.61	0.01444
304.61	304.61	304.61	304.61	7.78752
304.61	304.61	304.61	304.61	0.31215
304.61	304.61	304.61	304.61	9.98174
304.61	304.61	304.61	304.61	1.89411
304.61	304.61	304.61	304.61	4.38976
304.61	304.61	304.61	304.61	14.75726
304.61	304.61	304.61	304.61	7.89193
304.61	304.61	304.61	304.61	5.66706
304.61	304.61	304.61	304.61	1.47414
304.61	304.61	304.61	304.61	1.95715
304.61	304.61	304.61	304.61	8.65797
305.11	305.11	305.11	305.11	8.26418
304.53	304.53	304.53	304.53	49.73239
305.11	305.11	305.11	305.11	3.06321
305.11	305.11	305.11	305.11	4.25357
305.11	306.13	305.11	306.13	20.55851
306.13	306.13	305.62	305.62	9.40104
305.62	305.62	305.62	305.62	28.22262
305.62	305.62	305.62	305.62	6.00198
305.62	305.62	305.62	305.62	20.24586
305.62	305.62	305.62	305.62	3.41905
307.09	307.09	304.95	304.95	21.21736
307.96	307.96	307.96	307.96	6.73912
307.96	307.96	307.96	307.96	3.07343
307.95	307.95	307.39	307.95	8.21032
307.95	307.95	307.95	307.95	0.0
307.95	307.95	307.95	307.95	0.2303
307.95	308.65	307.95	308.65	0.94337
307.95	307.95	307.95	307.95	2.65719
307.95	307.95	307.95	307.95	0.0
308.65	308.65	308.65	308.65	0.77143
308.65	308.65	308.65	308.65	0.76534
308.65	308.65	308.65	308.65	4.63109
308.65	308.65	308.65	308.65	1.14015
308.65	308.95	308.65	308.95	2.93773
308.95	308.95	308.95	308.95	1.03055
308.95	308.95	308.95	308.95	0.53297
308.95	309.48	308.95	309.48	2.67079
308.43	308.43	308.43	308.43	49.14792
309.48	309.48	309.48	309.48	0.53077
309.48	309.48	309.48	309.48	0.4368
309.48	309.48	309.48	309.48	0.44378
309.48	309.48	309.48	309.48	0.0
309.48	309.48	307.39	307.39	0.74579
307.39	309.48	307.39	309.48	0.94466
309.48	309.48	309.48	309.48	1.21509
309.48	309.48	309.48	309.48	0.09906
309.48	309.48	309.48	309.48	6.26996
309.48	309.48	309.48	309.48	0.47994
309.48	309.48	309.48	309.48	1.16784
307.39	309.77	307.0	309.77	0.77972
309.77	309.77	309.77	309.77	6.41662
309.77	309.77	309.77	309.77	0.0
309.77	309.77	309.77	309.77	0.36751
309.77	309.77	309.77	309.77	0.0
309.77	309.77	309.77	309.77	0.90664
309.77	309.77	309.77	309.77	1.3949
309.77	309.97	309.77	309.97	7.41069
309.97	309.97	309.97	309.97	0.47703
309.97	309.97	309.97	309.97	0.58905
308.82	308.82	308.82	308.82	1.00445
308.82	308.82	308.82	308.82	11.65284
308.82	308.82	308.82	308.82	7.38289
308.82	308.82	308.82	308.82	6.66768
308.82	308.82	308.82	308.82	0.22153
308.82	308.82	308.82	308.82	0.40446
308.82	308.82	308.82	308.82	0.54261
308.82	308.82	308.82	308.82	0.2716
309.97	309.97	309.97	309.97	0.2988
309.97	309.97	309.87	309.87	1.72136
309.87	309.87	309.87	309.87	0.26874
309.87	309.87	309.87	309.87	0.85364
309.87	309.87	307.86	307.86	0.59868
309.87	309.87	309.87	309.87	0.49419
309.87	309.87	309.87	309.87	0.44201
309.62	309.62	309.62	309.62	4.27195
309.62	309.62	309.62	309.62	0.11692
309.62	309.62	309.62	309.62	2.51949
309.62	309.62	309.62	309.62	0.29477
309.62	309.62	309.62	309.62	0.31215
309.62	309.62	309.62	309.62	0.21735
309.62	309.62	309.62	309.62	0.00655
308.62	308.62	308.62	308.62	0.15035
308.62	308.62	308.62	308.62	3.69028
308.62	308.62	308.62	308.62	9.60445
308.62	308.62	308.62	308.62	3.46149
308.62	308.62	308.62	308.62	1.12927
308.62	308.62	308.62	308.62	4.99502
308.62	308.62	308.62	308.62	4.36474
308.62	309.62	308.62	309.62	1.62171
309.62	309.62	309.62	309.62	0.0
309.62	309.62	309.62	309.62	6.52497
308.74	308.74	308.74	308.74	50.53503
309.62	309.62	309.62	309.62	4.03975
309.62	309.62	309.62	309.62	0.2498
309.62	309.62	309.62	309.62	1.34554
308.67	308.67	308.67	308.67	0.58334
308.67	308.67	308.67	308.67	4.61971
309.62	310.94	309.62	310.94	15.67839
310.94	310.94	310.94	310.94	1.25278
310.94	310.94	310.94	310.94	0.0
310.94	310.94	310.94	310.94	0.61039
310.94	310.94	310.94	310.94	0.0
309.62	309.62	309.62	309.62	23.00563
309.62	310.94	309.62	310.94	9.21134
310.52	310.52	310.52	310.52	1.32735
310.52	310.52	310.52	310.52	0.0
310.52	310.52	310.52	310.52	2.6136
310.52	310.52	310.52	310.52	0.34165
310.52	310.52	310.52	310.52	0.50332
310.52	310.52	310.52	310.52	0.91145
310.52	310.52	310.52	310.52	0.0
310.52	310.52	310.52	310.52	12.2407
310.52	311.46	310.5	311.46	11.4551
309.89	310.5	309.89	310.5	58.16935
310.5	310.5	310.5	310.5	2.55219
310.5	310.5	310.5	310.5	40.66602
310.5	310.5	310.5	310.5	64.98468
310.5	310.5	310.5	310.5	0.0
310.5	310.5	310.5	310.5	2.17956
310.5	311.46	310.5	311.46	12.6133
311.46	311.46	311.46	311.46	1.00209
311.46	311.46	311.46	311.46	3.21621
311.46	311.46	311.46	311.46	3.03692
312.0	312.0	312.0	312.0	10.0673
312.0	312.0	310.37	310.37	2.72148
312.0	312.0	312.0	312.0	2.8181
311.14	312.0	311.14	311.14	9.91106
311.14	311.14	311.14	311.14	0.37041
311.13	311.13	311.13	311.13	0.69777
311.13	311.13	311.13	311.13	1.27425
311.13	311.13	311.13	311.13	0.0
311.13	311.13	311.13	311.13	0.26289
311.13	311.13	311.13	311.13	0.0
311.13	311.13	311.13	311.13	0.69841
311.13	311.13	311.13	311.13	3.29855
310.69	310.69	310.69	310.69	1.97701
310.69	310.69	309.29	309.29	7.98012
310.62	310.62	310.62	310.62	5.71281
309.95	309.95	309.95	309.95	50.69409
310.62	310.62	310.62	310.62	0.28485
310.62	310.62	310.62	310.62	0.4334
310.62	310.62	310.62	310.62	2.18718
310.0	310.0	310.0	310.0	7.24227
310.0	310.0	310.0	310.0	0.0
310.0	310.0	310.0	310.0	1.64057
310.0	310.0	310.0	310.0	2.80667
310.0	310.0	310.0	310.0	0.71512
310.0	310.0	310.0	310.0	0.43679
310.0	310.0	310.0	310.0	0.57286
310.0	310.0	310.0	310.0	12.92289
309.29	310.0	309.29	310.0	6.72681
310.0	310.0	310.0	310.0	0.78299
310.0	310.0	310.0	310.0	1.53783
310.0	310.0	310.0	310.0	0.78575
310.0	310.0	310.0	310.0	0.51093
310.0	310.0	310.0	310.0	4.24487
310.0	310.0	310.0	310.0	6.54006
310.62	310.62	310.62	310.62	0.19757
310.62	310.62	310.62	310.62	2.51941
310.62	310.62	310.62	310.62	0.0
310.62	310.62	310.62	310.62	1.6224
310.62	310.62	310.62	310.62	1.19682
310.62	310.62	310.62	310.62	0.08421
310.62	310.62	310.62	310.62	0.31435
310.62	310.62	310.47	310.47	6.45238
310.47	310.47	310.47	310.47	0.0
310.47	310.47	310.47	310.47	2.10121
310.47	310.47	310.47	310.47	3.67276
308.54	309.22	308.54	309.22	50.13748
309.22	309.22	309.22	309.22	0.0
309.22	309.22	309.22	309.22	4.03987
309.22	309.22	309.22	309.22	0.0
309.22	309.22	309.22	309.22	1.16423
309.22	309.22	309.22	309.22	1.55576
309.22	309.22	309.22	309.22	0.0
309.22	309.22	309.22	309.22	0.46759
309.22	309.22	309.22	309.22	1.56322
309.22	309.22	309.22	309.22	4.11249
309.22	309.22	309.22	309.22	7.0291
309.22	309.22	309.22	309.22	6.10388
310.47	310.47	310.47	310.47	7.99781
310.47	310.65	310.47	310.65	3.03341
310.65	310.65	310.65	310.65	0.0
310.65	310.65	310.65	310.65	13.72008
310.65	310.65	310.65	310.65	2.83376
310.65	310.65	310.65	310.65	0.43184
310.42	310.42	310.42	310.42	1.12702
310.42	310.42	310.42	310.42	0.62014
310.42	310.42	310.42	310.42	1.66531
310.42	310.42	310.42	310.42	13.13078
310.42	310.42	310.42	310.42	2.87265
310.42	310.97	310.42	310.97	11.27444
310.97	310.97	310.97	310.97	4.78568
310.97	310.97	310.4	310.4	4.16294
309.67	310.4	309.67	310.4	53.66779
310.4	310.4	310.4	310.4	1.50124
310.4	310.4	310.4	310.4	0.0
309.3	309.3	309.3	309.3	13.34288
309.3	309.3	309.3	309.3	0.33896
309.3	309.3	309.3	309.3	0.4536
309.3	309.3	309.3	309.3	7.05977
309.3	309.3	309.3	309.3	3.57856
309.3	309.3	309.3	309.3	2.23387
308.3	308.3	308.3	308.3	5.71987
308.3	308.3	308.3	308.3	5.6612
308.3	308.3	308.3	308.3	4.7766
308.3	308.3	308.3	308.3	1.45437
307.84	308.3	307.84	308.3	60.66086
308.3	308.3	307.78	307.78	0.54141
307.78	307.78	307.78	307.78	1.07515
307.78	307.78	307.78	307.78	9.78209
307.78	307.78	307.78	307.78	0.1792
307.78	307.78	307.78	307.78	5.87589
307.78	307.78	307.78	307.78	0.59968
308.12	308.12	308.12	308.12	2.89311
308.12	308.12	308.12	308.12	6.56176
308.12	308.39	308.12	308.39	4.1204
308.39	308.39	308.39	308.39	0.01076
309.3	309.3	309.3	309.3	0.70381
309.3	309.3	309.3	309.3	0.2839
309.3	309.3	309.3	309.3	0.80257
309.3	309.3	309.3	309.3	0.45521
309.3	309.3	309.3	309.3	0.61318
308.92	309.3	308.92	309.3	9.32324
308.92	308.92	308.92	308.92	1.89649
308.92	308.92	308.92	308.92	1.63511
308.92	308.92	308.92	308.92	0.0
308.92	308.92	308.92	308.92	15.05799
308.92	310.4	308.92	310.4	1.15609
310.4	310.4	310.4	310.4	1.58066
310.4	310.4	310.4	310.4	0.0
310.4	310.4	310.4	310.4	0.46669
310.4	310.4	310.4	310.4	4.78168
310.4	310.68	310.4	310.68	3.61948
310.68	310.68	310.68	310.68	2.58278
310.68	310.68	310.68	310.68	0.0
310.68	310.68	310.51	310.51	2.02252
310.51	310.51	310.51	310.51	0.0
310.51	310.51	310.51	310.51	2.02494
309.44	310.51	309.44	310.51	51.16241
309.56	309.56	309.56	309.56	0.18727
308.39	309.56	308.39	309.56	3.85751
309.56	309.56	309.56	309.56	1.39687
309.56	309.56	309.56	309.56	7.24128
309.56	309.56	309.56	309.56	0.15919
309.56	309.56	309.56	309.56	0.0
309.56	309.56	309.56	309.56	1.1928
309.56	309.56	309.56	309.56	0.05821
309.56	309.56	308.39	308.39	0.54005
309.56	309.56	308.39	309.56	5.13183
308.39	308.39	308.39	308.39	3.246
308.39	308.39	308.39	308.39	0.0
309.56	309.56	309.56	309.56	0.36056
309.56	309.56	309.56	309.56	3.11221
309.56	309.56	309.56	309.56	4.74578
308.95	308.95	308.95	308.95	17.48034
308.95	308.95	308.95	308.95	8.17404
308.95	308.95	308.95	308.95	2.31936
308.95	308.95	308.95	308.95	0.0
308.95	308.95	308.95	308.95	1.42311
308.95	308.95	308.95	308.95	0.77573
308.95	308.95	308.95	308.95	0.09985
308.95	308.95	308.95	308.95	1.70731
308.95	308.95	308.95	308.95	0.36
308.95	309.12	308.95	309.12	0.7593
309.12	309.12	309.12	309.12	4.70241
308.75	309.12	308.75	309.12	55.18247
309.12	309.42	309.12	309.42	0.68051
309.42	309.42	309.42	309.42	0.49913
309.42	309.42	309.42	309.42	0.47959
309.42	309.42	309.42	309.42	0.19574
309.42	309.42	309.42	309.42	3.74529
309.42	309.42	309.42	309.42	1.08657
310.51	310.51	310.51	310.51	0.89388
310.51	310.51	310.51	310.51	3.58763
310.51	310.51	310.51	310.51	0.0
310.05	310.05	310.05	310.05	25.15537
310.05	310.45	310.05	310.45	7.73168
310.45	310.45	310.45	310.45	0.00682
310.05	310.45	310.05	310.45	1.27563
310.45	310.45	310.45	310.45	0.54055
310.45	310.45	310.45	310.45	7.71203
310.45	310.45	310.45	310.45	0.0
309.72	309.72	309.72	309.72	1.98279
309.72	309.72	309.72	309.72	0.24309
309.72	309.72	309.72	309.72	1.07314
308.39	308.39	307.98	307.98	12.27473
309.72	309.72	309.72	309.72	7.88998
309.62	309.62	309.62	309.62	6.80429
308.76	308.76	308.76	308.76	0.86293
308.76	308.76	308.76	308.76	2.63326
308.07	308.07	308.07	308.07	48.80394
308.76	308.76	308.76	308.76	7.75994
308.62	308.62	308.62	308.62	26.0866
308.2	308.2	308.2	308.2	0.7174
308.2	308.2	308.2	308.2	6.03146
308.2	308.2	308.2	308.2	7.27935
308.03	308.03	308.03	308.03	3.77986
308.03	308.03	308.03	308.03	8.55458
308.03	308.03	308.03	308.03	1.72736
308.03	308.03	308.03	308.03	0.07852
308.03	308.03	308.03	308.03	18.74874
308.03	308.03	308.03	308.03	1.70171
308.03	308.03	308.03	308.03	20.92253
308.03	308.03	308.03	308.03	1.9915
308.03	308.03	308.03	308.03	0.0
308.03	308.03	308.03	308.03	3.10175
308.03	308.03	308.03	308.03	4.28485
308.12	308.12	308.12	308.12	1.46581
308.12	308.12	308.12	308.12	5.09028
308.12	308.12	308.12	308.12	0.44161
308.12	308.12	308.12	308.12	0.38164
308.12	308.12	308.12	308.12	9.81586
308.12	308.12	308.12	308.12	1.88224
308.52	308.52	308.52	308.52	1.35406
308.52	308.52	308.52	308.52	0.4
308.52	308.52	308.52	308.52	5.18615
308.55	308.55	308.04	308.23	56.57292
308.23	308.23	308.23	308.23	6.15464
308.23	308.23	308.23	308.23	0.0
308.62	308.62	308.62	308.62	1.76206
308.62	308.62	308.62	308.62	0.79998
308.62	308.62	308.62	308.62	0.55663
308.62	308.62	308.62	308.62	0.69719
308.62	308.62	308.62	308.62	5.08415
308.62	308.62	308.62	308.62	0.32941
309.72	309.72	309.72	309.72	8.5052
309.62	309.62	309.62	309.62	1.65747
309.62	309.62	309.62	309.62	1.09264
309.62	309.62	309.62	309.62	0.55121
309.62	309.62	309.62	309.62	2.25266
309.62	309.62	309.62	309.62	1.1842
309.62	309.62	309.62	309.62	0.38716
309.62	309.62	309.62	309.62	0.39867
309.62	309.62	309.52	309.52	9.33985
309.52	309.52	309.52	309.52	1.62034
309.52	309.52	309.52	309.52	0.95683
308.45	308.45	308.45	308.45	48.7083
309.52	309.52	309.15	309.15	5.20254
309.15	309.15	309.15	309.15	7.30981
309.15	309.15	309.15	309.15	0.0
309.15	309.15	309.15	309.15	3.99643
309.15	309.15	309.15	309.15	0.18896
309.15	309.15	309.15	309.15	0.48309
309.15	309.52	309.15	309.52	2.92315
309.52	309.52	309.52	309.52	2.96949
309.51	309.51	309.51	309.51	0.81074
309.51	309.51	309.51	309.51	0.66868
309.51	309.52	309.51	309.52	3.82806
309.52	309.52	309.52	309.52	0.14066
309.52	309.52	309.52	309.52	5.1303
309.52	309.52	309.52	309.52	0.0
309.52	309.52	309.52	309.52	0.60177
309.52	309.52	309.52	309.52	0.0
309.52	309.52	309.52	309.52	1.03523
309.52	309.52	309.52	309.52	0.84216
309.52	309.52	309.52	309.52	0.99856
309.52	309.52	309.52	309.52	1.73587
309.52	309.52	309.52	309.52	1.71003
309.52	309.52	309.52	309.52	0.03835
309.52	309.52	309.52	309.52	1.11652
309.52	309.52	309.52	309.52	0.0
309.52	309.52	309.52	309.52	0.75425
309.52	309.52	309.52	309.52	79.52438
309.52	309.52	309.52	309.52	3.34611
309.52	309.52	309.52	309.52	5.13211
309.52	309.52	309.52	309.52	0.0
309.52	309.52	308.77	308.77	18.66091
308.77	308.77	308.77	308.77	0.82019
308.0	308.77	308.0	308.77	2.66763
308.77	308.77	308.77	308.77	0.46888
308.77	308.77	308.77	308.77	4.93651
308.77	308.77	308.77	308.77	3.32054
308.07	308.07	308.07	308.07	48.68035
308.77	308.77	308.77	308.77	0.64257
308.77	308.77	308.77	308.77	1.14165
308.77	308.77	308.77	308.77	0.88942
308.77	308.77	308.77	308.77	1.65282
308.77	308.77	308.77	308.77	0.16103
307.77	308.77	307.77	308.77	4.70677
308.77	309.4	307.77	309.4	6.60847
309.4	309.4	307.77	307.77	1.93308
307.77	309.4	307.77	309.4	0.03707
307.77	307.77	307.77	307.77	0.9863
307.77	308.45	307.77	308.45	21.61702
308.45	308.45	308.45	308.45	20.9624
308.23	308.23	308.23	308.23	15.29726
308.23	308.23	308.23	308.23	5.29104
307.25	308.23	307.25	308.23	65.79249
307.9	307.9	307.9	307.9	3.70704
307.9	307.9	307.78	307.9	78.74224
307.23	307.78	307.03	307.23	24.465
307.23	307.23	307.23	307.23	0.0
307.03	307.03	307.03	307.03	5.3819
305.49	305.49	305.49	305.49	50.32874
307.03	307.24	307.03	307.24	21.56289
307.24	307.24	307.24	307.24	0.0
307.23	307.23	307.23	307.23	0.68983
307.23	307.23	307.23	307.23	2.93081
307.23	307.23	307.23	307.23	4.8769
307.23	307.23	307.23	307.23	0.0
307.23	307.23	306.81	306.81	22.15771
306.81	306.81	306.81	306.81	0.0
307.12	307.12	307.12	307.12	6.70617
307.12	307.12	307.12	307.12	1.94185
307.12	307.12	307.12	307.12	0.0
307.12	307.12	307.12	307.12	4.02136
307.12	307.12	307.12	307.12	3.45436
305.54	307.59	305.54	307.59	52.84895
307.59	307.59	307.59	307.59	0.43267
307.59	307.59	307.59	307.59	0.73766
307.59	307.59	307.59	307.59	0.0
307.59	307.59	307.59	307.59	0.71522
307.59	307.59	307.59	307.59	0.0
307.59	307.59	307.59	307.59	1.11321
307.59	307.59	307.59	307.59	0.371
307.59	307.59	307.58	307.58	1.91707
307.58	307.58	307.58	307.58	0.27358
307.58	307.58	307.58	307.58	1.98276
307.58	307.58	307.58	307.58	0.14339
307.58	307.58	307.58	307.58	0.74168
307.58	307.59	307.58	307.59	3.7068
307.59	307.59	307.59	307.59	4.15506
307.67	307.67	307.67	307.67	14.46369
307.67	307.67	307.67	307.67	36.04218
307.58	308.71	307.23	307.23	6.29982
307.23	307.23	307.23	307.23	8.85971
307.23	307.23	307.23	307.23	0.0
307.23	307.23	307.23	307.23	3.23553
307.23	307.23	307.23	307.23	12.28635
307.23	307.23	307.23	307.23	14.26322
307.23	307.23	307.23	307.23	0.0
307.23	307.23	307.23	307.23	7.06911
306.22	307.23	306.22	306.43	83.45159
306.43	306.43	306.43	306.43	11.27317
306.43	306.43	306.43	306.43	0.0
306.43	306.43	306.43	306.43	1.49365
306.17	306.43	306.17	306.43	49.94633
306.43	306.43	306.43	306.43	12.99607
306.51	306.51	306.51	306.51	11.61549
306.5	306.5	306.5	306.5	1.95139
306.5	306.5	306.5	306.5	3.5873
306.5	306.5	306.5	306.5	1.37269
306.5	306.5	306.5	306.5	10.72037
306.5	306.5	306.5	306.5	0.72797
306.5	306.5	306.5	306.5	0.99357
306.5	306.5	306.5	306.5	0.2308
306.5	306.5	306.5	306.5	0.67049
306.5	307.78	306.5	307.78	0.46291
307.78	307.78	306.53	306.53	1.82791
306.53	306.53	306.53	306.53	0.0
307.78	307.78	307.78	307.78	0.67656
307.78	307.78	307.78	307.78	1.45252
306.53	306.53	306.53	306.53	0.59356
306.53	306.53	306.43	306.43	5.30333
306.43	306.43	306.43	306.43	0.97823
306.43	306.43	306.43	306.43	7.5681
306.43	306.43	306.43	306.43	4.38183
306.43	306.43	306.43	306.43	0.37928
306.43	306.43	306.43	306.43	1.50754
307.78	307.78	307.78	307.78	0.39678
307.78	307.78	307.78	307.78	0.37409
307.78	307.78	307.78	307.78	0.09349
307.78	308.71	307.78	308.71	10.6772
308.71	308.71	308.71	308.71	0.44069
308.71	308.71	308.03	308.03	10.623
308.03	308.03	307.86	307.86	9.6899
307.86	308.03	307.86	307.86	2.61066
307.87	307.87	307.87	307.87	13.94306
307.87	307.97	307.87	307.87	2.09363
307.87	307.97	307.24	307.24	19.46987
307.24	308.76	306.81	307.24	33.74463
307.24	307.24	306.43	306.43	2.11071
306.4	306.4	306.4	306.4	23.035
306.4	306.74	306.4	306.74	10.56566
306.74	306.74	306.03	306.03	20.79604
306.03	306.03	306.03	306.03	2.23509
306.03	306.03	305.33	305.33	40.262
305.22	305.22	305.22	305.22	7.11
305.22	305.22	303.93	305.22	31.74868
303.93	305.03	303.56	303.56	40.33812
305.03	305.03	305.03	305.03	4.48921
305.03	305.22	304.26	304.26	23.39292
304.26	304.26	304.23	304.23	3.312
304.26	304.26	304.26	304.26	17.6131
304.26	304.26	304.26	304.26	0.0
305.79	305.79	305.79	305.79	1.37133
305.79	306.04	305.79	306.04	5.83483
306.04	306.04	305.79	306.04	2.66552
306.04	306.04	306.04	306.04	7.42213
306.04	306.04	306.04	306.04	0.97787
306.04	306.04	306.04	306.04	4.56326
306.04	306.04	306.04	306.04	0.46485
306.04	306.04	306.04	306.04	1.01591
306.04	306.04	306.04	306.04	3.54175
306.04	306.04	306.04	306.04	0.86805
306.04	306.54	306.04	306.04	23.24085
306.04	306.54	306.04	306.54	6.0712
306.04	306.54	306.04	306.54	4.3672
306.54	306.54	306.54	306.54	1.84022
307.06	307.06	307.06	307.06	3.76407
307.06	307.06	307.06	307.06	9.85056
307.06	307.06	307.06	307.06	11.91972
307.06	307.06	307.06	307.06	0.0
307.74	307.74	305.0	305.0	4.23827
306.37	307.74	302.23	302.23	66.25723
302.23	303.38	302.22	302.22	12.94178
302.22	303.9	302.22	303.9	4.10009
303.67	303.67	302.22	302.22	19.654
302.22	303.67	302.22	303.01	27.0151
303.01	304.89	303.01	304.89	33.72434
303.9	304.89	298.21	303.55	19.9996
303.55	304.89	303.55	303.55	5.30192
303.55	303.55	303.55	303.55	109.81896
303.55	305.12	303.55	303.55	11.00633
303.55	303.55	303.55	303.55	4.41209
303.55	303.55	303.55	303.55	0.0
303.55	305.54	303.55	305.54	20.17016
305.12	305.54	305.12	305.54	4.4365
305.54	306.28	305.54	306.28	4.10047
305.54	306.28	305.54	306.28	6.37263
306.28	306.28	306.28	306.28	0.35447
306.83	306.83	306.83	306.83	0.96121
306.83	306.83	306.83	306.83	0.64076
306.83	306.83	306.83	306.83	9.80775
306.83	307.05	306.83	307.05	10.10728
307.74	307.74	306.83	306.83	5.466
306.83	308.55	306.83	307.74	17.99248
307.74	308.55	307.74	308.55	0.27515
307.74	307.74	307.74	307.74	7.88145
307.74	307.74	307.74	307.74	0.00049
307.74	308.76	307.74	308.76	13.39853
308.76	309.4	308.76	309.4	4.99628
308.76	309.4	308.76	309.4	8.72756
309.4	310.46	309.4	310.46	11.40575
309.4	310.46	309.4	310.46	0.47645
310.46	310.46	310.46	310.46	0.26084
310.46	310.46	310.46	310.46	0.0
311.12	311.12	311.12	311.12	0.51789
311.12	311.12	311.12	311.12	3.4174
311.12	311.12	311.12	311.12	3.78289
311.12	311.12	311.12	311.12	4.91972
311.12	311.12	311.12	311.12	6.09366
311.12	312.18	311.12	312.18	1.4468
312.18	312.18	312.18	312.18	1.01638
312.18	312.18	312.18	312.18	0.0
312.17	312.17	312.17	312.17	0.27464
312.17	312.17	312.17	312.17	0.55885
312.17	312.17	312.17	312.17	2.51079
312.17	312.17	312.17	312.17	11.04635
312.17	312.17	308.76	308.76	11.42531
308.0	308.0	308.0	308.0	0.41804
308.0	308.0	308.0	308.0	3.26089
308.0	308.0	308.0	308.0	0.01643
308.0	308.0	308.0	308.0	0.83153
308.0	308.0	308.0	308.0	0.17874
308.0	308.0	308.0	308.0	8.99698
307.41	307.41	303.72	303.72	64.89555
307.28	307.76	307.28	307.28	4.57131
307.28	307.76	307.28	307.76	4.02148
307.28	307.76	307.28	307.76	5.74472
308.0	308.0	308.0	308.0	5.04642
308.0	308.0	308.0	308.0	5.51608
308.0	308.0	308.0	308.0	3.82903
308.0	308.0	308.0	308.0	0.84846
308.0	308.0	308.0	308.0	4.70414
308.0	308.0	308.0	308.0	0.40447
308.0	308.0	308.0	308.0	0.0
308.0	308.0	308.0	308.0	0.41353
308.0	308.0	308.0	308.0	0.0
308.0	308.0	308.0	308.0	0.29945
308.0	308.0	308.0	308.0	0.43179
308.0	308.0	308.0	308.0	0.49247
308.0	308.0	308.0	308.0	0.0
308.0	308.0	308.0	308.0	2.61651
308.0	308.0	308.0	308.0	0.0
308.0	308.0	308.0	308.0	2.55442
308.0	308.0	308.0	308.0	0.49537
308.0	308.0	308.0	308.0	0.06957
308.0	308.0	308.0	308.0	4.98917
308.0	308.0	308.0	308.0	3.15179
308.0	308.0	308.0	308.0	0.65593
308.0	308.0	308.0	308.0	0.50434
308.0	308.0	308.0	308.0	0.0
308.0	308.0	308.0	308.0	8.88149
308.0	308.33	308.0	308.33	0.614
308.33	308.33	308.33	308.33	0.06213
308.33	308.33	308.33	308.33	2.4632
308.33	308.33	308.33	308.33	6.38227
308.33	308.33	308.33	308.33	2.67263
308.33	308.33	308.33	308.33	0.24584
308.33	308.33	308.33	308.33	4.20091
308.33	308.33	308.33	308.33	6.63217
308.33	308.33	308.33	308.33	0.23838
308.33	308.33	308.33	308.33	0.92865
308.33	308.33	308.33	308.33	2.00747
308.33	308.33	308.33	308.33	11.631
306.02	306.02	306.02	306.02	48.45734
303.98	303.98	303.98	303.98	1.21213
303.98	303.98	303.98	303.98	0.45466
303.98	303.98	303.98	303.98	0.05094
303.98	303.98	303.98	303.98	1.33535
303.98	303.98	303.98	303.98	0.0
303.98	303.98	303.98	303.98	0.47923
303.98	303.98	303.98	303.98	3.77638
303.98	303.98	303.98	303.98	9.7425
303.98	308.02	303.98	308.02	1.17035
308.02	308.02	308.02	308.02	0.09368
308.02	308.02	308.02	308.02	2.62925
308.02	308.02	308.02	308.02	0.0
308.22	308.22	308.22	308.22	17.75012
308.22	308.22	308.22	308.22	0.47633
308.22	308.22	308.22	308.22	0.3277
308.22	308.22	308.22	308.22	5.10948
308.22	308.22	308.22	308.22	4.83582
308.22	308.22	308.22	308.22	6.24482
308.22	308.22	308.22	308.22	7.15135
308.22	308.22	308.22	308.22	3.74811
308.22	308.22	308.22	308.22	1.48717
308.22	308.22	308.22	308.22	0.50191
308.22	308.22	308.22	308.22	0.99568
308.22	308.22	308.22	308.22	0.00034
308.33	308.33	308.33	308.33	0.49734
308.33	308.33	308.33	308.33	1.39539
308.33	308.33	308.33	308.33	0.72525
308.33	308.33	308.33	308.33	0.52201
308.33	308.33	308.33	308.33	0.9996
308.33	308.33	308.33	308.33	9.65452
310.19	310.19	308.33	308.33	5.84373
310.19	310.19	310.19	310.19	29.24393
310.19	310.19	310.19	310.19	0.65991
310.19	310.19	310.19	310.19	0.21975
310.19	310.19	310.19	310.19	0.73153
310.19	310.19	310.19	310.19	2.65873
310.19	310.19	310.19	310.19	2.03791
310.19	310.19	310.19	310.19	0.0
310.19	310.19	298.96	298.96	3.51605
308.58	308.58	308.58	308.58	1.45792
308.58	308.58	308.58	308.58	0.31695
308.58	308.58	308.58	308.58	0.51899
308.58	308.58	308.58	308.58	1.60859
308.58	308.58	308.58	308.58	10.09122
308.58	308.58	308.58	308.58	0.35396
308.58	308.58	308.58	308.58	0.60565
308.58	308.58	308.58	308.58	0.5491
308.58	308.58	308.58	308.58	0.009
308.58	308.58	308.58	308.58	0.59231
310.64	310.64	310.64	310.64	9.1942
310.64	310.64	310.64	310.64	0.06996
310.64	310.64	310.64	310.64	4.37914
310.64	310.64	310.64	310.64	0.27566
310.64	310.64	310.64	310.64	0.63968
310.64	310.64	310.64	310.64	0.40605
310.64	310.64	310.64	310.64	0.0
311.53	311.53	311.53	311.53	9.09114
305.24	305.24	301.97	301.97	48.10745
301.97	301.97	301.97	301.97	4.46857
301.97	301.97	301.97	301.97	1.174
301.97	301.97	301.97	301.97	1.51375
301.97	301.97	301.97	301.97	1.75118
301.97	301.97	301.97	301.97	0.97077
301.97	301.97	301.97	301.97	0.66663
301.97	309.1	301.97	309.1	5.76829
309.1	309.1	309.1	309.1	0.0
309.1	309.1	309.1	309.1	2.07425
309.1	309.1	309.1	309.1	10.05582
309.1	309.1	309.1	309.1	0.0
309.1	309.1	309.1	309.1	1.79418
309.1	309.1	309.1	309.1	0.45439
309.1	309.1	309.1	309.1	0.55064
309.1	309.1	309.1	309.1	7.54139
309.1	309.1	309.1	309.1	0.33833
309.1	309.1	309.1	309.1	4.79245
309.1	309.1	309.1	309.1	0.0
309.1	309.1	309.1	309.1	2.49673
309.1	309.1	309.1	309.1	1.06882
309.1	309.1	309.1	309.1	0.66157
309.1	309.1	309.1	309.1	2.6877
309.1	309.1	309.1	309.1	3.16109
309.1	309.1	309.1	309.1	0.07553
309.1	309.1	309.1	309.1	1.21983
309.1	309.1	309.1	309.1	0.80158
309.1	309.1	309.1	309.1	1.09203
309.1	309.1	309.1	309.1	2.73348
309.1	309.1	309.1	309.1	17.56384
309.1	309.1	309.1	309.1	11.27302
309.1	309.1	309.1	309.1	6.66109
309.1	309.1	309.1	309.1	11.85849
309.1	309.1	309.0	309.0	1.08708
309.0	309.0	309.0	309.0	0.07196
309.0	309.0	309.0	309.0	0.75824
309.0	309.0	309.0	309.0	0.28608
309.0	309.0	309.0	309.0	0.0
309.0	309.0	309.0	309.0	0.03036
309.0	309.84	309.0	309.84	6.06686
309.84	309.84	309.84	309.84	0.0
309.84	309.84	309.84	309.84	1.04467
304.06	304.06	302.22	302.22	48.60108
302.22	302.22	302.22	302.22	3.03955
302.22	302.22	302.22	302.22	0.0
302.22	302.22	302.22	302.22	4.069
302.22	305.68	302.22	305.68	3.07754
305.68	305.68	305.68	305.68	0.0
305.68	305.68	305.68	305.68	1.23539
305.68	305.68	305.68	305.68	0.28824
305.68	305.68	305.68	305.68	1.69955
305.68	305.68	305.68	305.68	0.35428
305.68	305.68	305.68	305.68	2.5611
305.68	305.68	305.68	305.68	3.34415
305.68	308.71	305.68	308.71	0.4717
308.71	308.71	308.71	308.71	0.0
308.71	308.71	308.71	308.71	0.57066
308.71	308.71	308.71	308.71	0.04662
308.71	308.71	308.71	308.71	1.12802
308.71	309.05	308.71	309.05	0.21126
309.05	309.05	309.05	309.05	0.46493
309.05	309.05	309.05	309.05	3.73653
309.05	309.05	309.05	309.05	0.73639
309.05	309.05	309.05	309.05	0.0
309.05	309.05	309.05	309.05	0.22942
309.05	309.05	309.05	309.05	0.93568
309.05	309.05	309.05	309.05	3.97268
309.05	309.05	309.05	309.05	3.64541
309.05	309.05	309.05	309.05	0.27174
309.41	309.41	309.41	309.41	0.13566
309.41	309.41	309.41	309.41	0.43114
309.41	309.41	309.41	309.41	1.95218
309.41	309.41	309.41	309.41	2.25939
309.41	309.41	309.41	309.41	0.0
309.41	309.41	309.41	309.41	2.3214
309.41	309.41	309.41	309.41	0.0
309.41	309.41	309.41	309.41	1.9129
309.41	309.41	309.41	309.41	0.33117
309.41	309.41	309.41	309.41	0.33261
309.41	309.41	309.41	309.41	0.33647
309.41	309.41	309.41	309.41	3.43657
309.41	309.41	309.41	309.41	0.58723
309.41	309.41	309.41	309.41	0.27765
309.41	309.41	309.41	309.41	0.3843
309.4	309.4	309.4	309.4	2.20918
304.69	304.69	301.6	301.6	48.10047
301.6	301.6	301.6	301.6	6.06445
301.6	301.6	301.6	301.6	0.43893
301.6	302.11	301.6	302.11	9.25211
302.11	302.11	302.11	302.11	0.0
302.11	302.11	302.11	302.11	1.99852
302.11	303.76	302.11	303.76	20.89742
303.76	303.76	303.76	303.76	9e-05
309.4	309.4	309.4	309.4	8.31702
309.0	309.4	309.0	309.0	9.97738
309.0	309.0	309.0	309.0	6.54305
309.0	309.0	302.0	309.0	7.5225
309.0	309.0	302.0	302.0	4.29608
309.0	309.0	308.0	309.0	6.38445
308.0	308.0	308.0	308.0	9.9224
308.0	308.0	308.0	308.0	8.06249
308.0	308.0	308.0	308.0	0.0
308.0	308.0	308.0	308.0	0.96552
308.0	308.0	308.0	308.0	0.0
308.0	308.0	308.0	308.0	4.25456
308.0	308.0	302.0	302.0	0.83207
308.0	308.0	308.0	308.0	0.07152
308.0	308.0	302.0	302.0	0.39777
302.0	308.0	302.0	308.0	3.93005
307.0	307.0	307.0	307.0	0.29379
307.0	307.0	307.0	307.0	6.06722
307.0	307.0	307.0	307.0	1.21956
307.0	307.0	307.0	307.0	3.17392
302.0	302.0	302.0	302.0	3.76
307.0	307.0	307.0	307.0	1.27608
307.0	307.0	307.0	307.0	0.0
306.0	306.0	306.0	306.0	3.22617
302.5	302.5	301.88	301.88	54.5765
301.88	301.88	301.88	301.88	3.35672
301.88	301.88	301.88	301.88	6.50734
301.88	301.88	301.88	301.88	14.22427
301.6	301.6	301.6	301.6	0.56103
301.42	301.42	301.42	301.42	4.52269
301.42	301.42	299.01	299.01	1.03945
301.44	301.44	301.44	301.44	3.44575
301.44	301.44	301.44	301.44	2.5919
301.44	302.0	301.44	302.0	7.51255
